emotion,visual_emotion_confidence,temporal_emotion,final_emotion,stress_level,visual_stress,cognitive_load,deception_risk,visual_cognitive_state,cognitive_confidence,fusion_confidence,temporal_state,blink_count,movement_score,gaze_direction,gaze_stability,gaze_shift_frequency,video_quality,head_pose,audio_emotion,audio_confidence,audio_stress,audio_stress_confidence,speech_intensity,audio_quality,response_latency,pause_ratio,speech_rate,voiced_ratio,mean_pause,emotion_agreement,fused_stress,fused_stress_score,fusion_score,risk_score,risk_level,risk_breakdown,cognitive_state,modality_weights,quality_warning,fused_emotion,timestamp
neutral,0.95,neutral,neutral,LOW,LOW,LOW,LOW,FOCUSED,0.9,0.302,STABLE,0,0,CENTER,1.0,0,0.318,"{'yaw': -0.17, 'pitch': 3.92, 'roll': -0.07}",neutral,0.0,LOW,0.0,0.0,0.0,0.0,0.0,0.0,0.0,0.0,,LOW,0.0,3.0,0.0,LOW,"{'visual_stress': 0.0, 'audio_stress': 0.0, 'emotion_instability': 0.0, 'eye_avoidance': 0.0, 'head_movement': 0.0}",Stable emotional condition,"{'visual': 1.0, 'audio': 0.0}",True,neutral,2026-07-08 21:08:06
neutral,0.95,neutral,neutral,LOW,LOW,LOW,LOW,FOCUSED,0.91,0.299,STABLE,0,0,CENTER,1.0,0,0.315,"{'yaw': 0.14, 'pitch': 2.5, 'roll': -0.05}",neutral,0.0,LOW,0.0,0.0,0.0,0.0,0.0,0.0,0.0,0.0,,LOW,0.0,3.0,0.0,LOW,"{'visual_stress': 0.0, 'audio_stress': 0.0, 'emotion_instability': 0.0, 'eye_avoidance': 0.0, 'head_movement': 0.0}",Stable emotional condition,"{'visual': 1.0, 'audio': 0.0}",True,neutral,2026-07-08 21:08:07
neutral,0.93,neutral,neutral,LOW,LOW,LOW,LOW,FOCUSED,0.91,0.291,STABLE,0,0,CENTER,1.0,0,0.313,"{'yaw': 0.02, 'pitch': 2.41, 'roll': -0.09}",neutral,0.0,LOW,0.0,0.0,0.0,0.0,0.0,0.0,0.0,0.0,,LOW,0.0,3.0,0.0,LOW,"{'visual_stress': 0.0, 'audio_stress': 0.0, 'emotion_instability': 0.0, 'eye_avoidance': 0.0, 'head_movement': 0.0}",Stable emotional condition,"{'visual': 1.0, 'audio': 0.0}",True,neutral,2026-07-08 21:08:08
neutral,0.93,neutral,neutral,LOW,LOW,LOW,LOW,FOCUSED,0.9,0.289,STABLE,0,0,CENTER,1.0,0,0.311,"{'yaw': 0.24, 'pitch': 3.09, 'roll': -0.08}",neutral,0.0,LOW,0.0,0.0,0.0,0.0,0.0,0.0,0.0,0.0,,LOW,0.0,3.0,0.0,LOW,"{'visual_stress': 0.0, 'audio_stress': 0.0, 'emotion_instability': 0.0, 'eye_avoidance': 0.0, 'head_movement': 0.0}",Stable emotional condition,"{'visual': 1.0, 'audio': 0.0}",True,neutral,2026-07-08 21:08:08
neutral,0.91,neutral,neutral,LOW,LOW,LOW,LOW,FOCUSED,0.9,0.283,STABLE,0,0.7,CENTER,1.0,0,0.311,"{'yaw': 0.17, 'pitch': 2.91, 'roll': -0.07}",neutral,0.0,LOW,0.0,0.0,0.0,0.0,0.0,0.0,0.0,0.0,,LOW,0.0,3.4,0.1,LOW,"{'visual_stress': 0.0, 'audio_stress': 0.0, 'emotion_instability': 0.0, 'eye_avoidance': 0.0, 'head_movement': 0.3}",Stable emotional condition,"{'visual': 1.0, 'audio': 0.0}",True,neutral,2026-07-08 21:08:09
neutral,0.91,neutral,neutral,LOW,LOW,LOW,LOW,FOCUSED,0.89,0.284,STABLE,0,0.64,CENTER,1.0,0,0.312,"{'yaw': 0.08, 'pitch': 2.95, 'roll': -0.08}",neutral,0.0,LOW,0.0,0.0,0.0,0.0,0.0,0.0,0.0,0.0,,LOW,0.0,3.3,0.2,LOW,"{'visual_stress': 0.0, 'audio_stress': 0.0, 'emotion_instability': 0.0, 'eye_avoidance': 0.0, 'head_movement': 0.3}",Stable emotional condition,"{'visual': 1.0, 'audio': 0.0}",True,neutral,2026-07-08 21:08:09
neutral,0.97,neutral,neutral,LOW,LOW,LOW,LOW,FOCUSED,0.93,0.303,STABLE,0,0.59,CENTER,1.0,0,0.312,"{'yaw': 0.05, 'pitch': 2.89, 'roll': -0.08}",neutral,0.0,LOW,0.0,0.0,0.0,0.0,0.0,0.0,0.0,0.0,,LOW,0.0,3.3,0.2,LOW,"{'visual_stress': 0.0, 'audio_stress': 0.0, 'emotion_instability': 0.0, 'eye_avoidance': 0.0, 'head_movement': 0.3}",Stable emotional condition,"{'visual': 1.0, 'audio': 0.0}",True,neutral,2026-07-08 21:08:09
neutral,0.97,neutral,neutral,LOW,LOW,LOW,LOW,FOCUSED,0.93,0.301,STABLE,0,0.58,CENTER,1.0,0,0.31,"{'yaw': -0.16, 'pitch': 3.1, 'roll': -0.09}",neutral,0.0,LOW,0.0,0.0,0.0,0.0,0.0,0.0,0.0,0.0,,LOW,0.0,3.3,0.3,LOW,"{'visual_stress': 0.0, 'audio_stress': 0.0, 'emotion_instability': 0.0, 'eye_avoidance': 0.0, 'head_movement': 0.3}",Stable emotional condition,"{'visual': 1.0, 'audio': 0.0}",True,neutral,2026-07-08 21:08:10
neutral,0.93,neutral,neutral,LOW,LOW,LOW,LOW,FOCUSED,0.93,0.29,STABLE,0,0.56,CENTER,1.0,0,0.312,"{'yaw': -0.15, 'pitch': 3.14, 'roll': -0.09}",neutral,0.0,LOW,0.0,0.0,0.0,0.0,0.0,0.0,0.0,0.0,,LOW,0.0,3.3,0.3,LOW,"{'visual_stress': 0.0, 'audio_stress': 0.0, 'emotion_instability': 0.0, 'eye_avoidance': 0.0, 'head_movement': 0.3}",Stable emotional condition,"{'visual': 1.0, 'audio': 0.0}",True,neutral,2026-07-08 21:08:10
neutral,0.93,neutral,neutral,LOW,LOW,LOW,LOW,FOCUSED,0.91,0.204,STABLE,0,0.54,CENTER,1.0,0,0.313,"{'yaw': -0.07, 'pitch': 3.21, 'roll': -0.09}",fear,0.27666666666666667,MEDIUM,0.3967,0.1225,0.835,0.0,0.0,0.3358,1.0,0.0,False,LOW,0.257,15.8,6.3,LOW,"{'visual_stress': 0.0, 'audio_stress': 15.0, 'emotion_instability': 0.0, 'eye_avoidance': 0.0, 'head_movement': 0.3}",Stable emotional condition,"{'visual': 0.558, 'audio': 0.442}",False,neutral,2026-07-08 21:08:21
happy,0.62,happy,happy,LOW,LOW,LOW,LOW,FOCUSED,1.0,0.162,STABLE,0,0,CENTER,1.0,0,0.35,"{'yaw': 0, 'pitch': 0, 'roll': 0}",fear,0.27666666666666667,MEDIUM,0.3967,0.1225,0.835,0.0,0.0,0.3358,1.0,0.0,False,LOW,0.243,27.5,10.4,LOW,"{'visual_stress': 0.0, 'audio_stress': 15.0, 'emotion_instability': 1.5, 'eye_avoidance': 0.0, 'head_movement': 0.0}",Negative emotional state,"{'visual': 0.484, 'audio': 0.516}",False,fear,2026-07-08 21:08:22
happy,0.62,happy,happy,LOW,LOW,LOW,LOW,FOCUSED,0.9,0.162,STABLE,0,0.79,CENTER,1.0,0,0.327,"{'yaw': -1.02, 'pitch': 3.87, 'roll': -0.1}",fear,0.27666666666666667,MEDIUM,0.3967,0.1225,0.835,0.0,0.0,0.3358,1.0,0.0,False,LOW,0.252,27.9,12.9,LOW,"{'visual_stress': 0.0, 'audio_stress': 15.0, 'emotion_instability': 1.4, 'eye_avoidance': 0.0, 'head_movement': 0.4}",Negative emotional state,"{'visual': 0.467, 'audio': 0.533}",False,fear,2026-07-08 21:08:23
neutral,0.55,neutral,neutral,LOW,LOW,LOW,LOW,FOCUSED,0.89,0.162,STABLE,0,1.03,CENTER,1.0,0,0.327,"{'yaw': -0.92, 'pitch': 4.74, 'roll': -0.11}",fear,0.27666666666666667,MEDIUM,0.3967,0.1225,0.835,0.0,0.0,0.3358,1.0,0.0,False,LOW,0.252,28.0,14.4,LOW,"{'visual_stress': 0.0, 'audio_stress': 15.0, 'emotion_instability': 1.2, 'eye_avoidance': 0.0, 'head_movement': 0.5}",Negative emotional state,"{'visual': 0.438, 'audio': 0.562}",False,fear,2026-07-08 21:08:23
neutral,0.55,neutral,neutral,LOW,LOW,LOW,LOW,FOCUSED,0.93,0.162,STABLE,0,1.06,CENTER,1.0,0,0.325,"{'yaw': -0.73, 'pitch': 4.04, 'roll': -0.09}",fear,0.27666666666666667,MEDIUM,0.3967,0.1225,0.835,0.0,0.0,0.3358,1.0,0.0,False,LOW,0.252,28.0,15.3,LOW,"{'visual_stress': 0.0, 'audio_stress': 15.0, 'emotion_instability': 1.2, 'eye_avoidance': 0.0, 'head_movement': 0.5}",Negative emotional state,"{'visual': 0.436, 'audio': 0.564}",False,fear,2026-07-08 21:08:24
surprise,0.99,surprise,surprise,LOW,LOW,LOW,LOW,FOCUSED,0.91,0.231,FLUCTUATING,0,1.06,CENTER,1.0,0,0.334,"{'yaw': -0.61, 'pitch': 3.87, 'roll': -0.14}",fear,0.27666666666666667,MEDIUM,0.3967,0.1225,0.835,0.0,0.0,0.3358,1.0,0.0,False,LOW,0.249,13.0,16.2,LOW,"{'visual_stress': 0.0, 'audio_stress': 15.0, 'emotion_instability': 2.1, 'eye_avoidance': 0.0, 'head_movement': 0.5}",Stable emotional condition,"{'visual': 0.589, 'audio': 0.411}",False,surprise,2026-07-08 21:08:24
surprise,0.99,surprise,surprise,LOW,LOW,LOW,LOW,FOCUSED,0.82,0.231,FLUCTUATING,0,1.11,CENTER,1.0,0,0.334,"{'yaw': -0.89, 'pitch': 4.39, 'roll': -0.08}",fear,0.27666666666666667,MEDIUM,0.3967,0.1225,0.835,0.0,0.0,0.3358,1.0,0.0,False,LOW,0.249,13.1,16.8,LOW,"{'visual_stress': 0.0, 'audio_stress': 15.0, 'emotion_instability': 2.0, 'eye_avoidance': 0.0, 'head_movement': 0.6}",Stable emotional condition,"{'visual': 0.589, 'audio': 0.411}",False,surprise,2026-07-08 21:08:24
neutral,0.99,neutral,neutral,LOW,LOW,LOW,LOW,FOCUSED,0.82,0.229,FLUCTUATING,0,1.13,CENTER,1.0,0,0.33,"{'yaw': -0.87, 'pitch': 4.22, 'roll': -0.06}",fear,0.27666666666666667,MEDIUM,0.3967,0.1225,0.835,0.0,0.0,0.3358,1.0,0.0,False,LOW,0.25,16.1,17.4,LOW,"{'visual_stress': 0.0, 'audio_stress': 15.0, 'emotion_instability': 2.8, 'eye_avoidance': 0.0, 'head_movement': 0.6}",Stable emotional condition,"{'visual': 0.586, 'audio': 0.414}",False,neutral,2026-07-08 21:08:25
neutral,0.99,neutral,neutral,LOW,LOW,LOW,LOW,FOCUSED,0.82,0.231,FLUCTUATING,0,1.2,CENTER,1.0,0,0.333,"{'yaw': -1.34, 'pitch': 4.41, 'roll': -0.12}",fear,0.27666666666666667,MEDIUM,0.3967,0.1225,0.835,0.0,0.0,0.3358,1.0,0.0,False,LOW,0.249,16.1,17.7,LOW,"{'visual_stress': 0.0, 'audio_stress': 15.0, 'emotion_instability': 2.6, 'eye_avoidance': 0.0, 'head_movement': 0.6}",Stable emotional condition,"{'visual': 0.588, 'audio': 0.412}",False,neutral,2026-07-08 21:08:25
neutral,0.96,neutral,neutral,LOW,LOW,LOW,LOW,FOCUSED,0.82,0.223,FLUCTUATING,1,1.18,CENTER,1.0,0,0.332,"{'yaw': -0.69, 'pitch': 3.52, 'roll': -0.06}",fear,0.27666666666666667,MEDIUM,0.3967,0.1225,0.835,0.0,0.0,0.3358,1.0,0.0,False,LOW,0.25,16.4,17.9,LOW,"{'visual_stress': 0.0, 'audio_stress': 15.0, 'emotion_instability': 2.5, 'eye_avoidance': 0.0, 'head_movement': 0.6}",Stable emotional condition,"{'visual': 0.58, 'audio': 0.42}",False,neutral,2026-07-08 21:08:26
neutral,0.96,neutral,neutral,LOW,LOW,LOW,LOW,FOCUSED,0.82,0.207,FLUCTUATING,1,1.28,CENTER,1.0,0,0.308,"{'yaw': 0.44, 'pitch': 1.8, 'roll': -0.1}",fear,0.24,MEDIUM,0.4033,0.0653,0.726,0.2844,0.5126,4.7008,0.4874,0.109,False,LOW,0.244,16.5,17.9,LOW,"{'visual_stress': 0.0, 'audio_stress': 15.0, 'emotion_instability': 2.4, 'eye_avoidance': 0.0, 'head_movement': 0.6}",Stable emotional condition,"{'visual': 0.629, 'audio': 0.371}",False,neutral,2026-07-08 21:08:27
sad,0.67,sad,sad,LOW,LOW,LOW,LOW,FOCUSED,0.82,0.136,FLUCTUATING,1,1.53,CENTER,1.0,0,0.291,"{'yaw': 0.11, 'pitch': 0.28, 'roll': -0.11}",fear,0.24,MEDIUM,0.4033,0.0653,0.726,0.2844,0.5126,4.7008,0.4874,0.109,False,LOW,0.251,28.6,18.3,LOW,"{'visual_stress': 0.0, 'audio_stress': 15.0, 'emotion_instability': 3.0, 'eye_avoidance': 0.0, 'head_movement': 0.8}",Stable emotional condition,"{'visual': 0.528, 'audio': 0.472}",False,sad,2026-07-08 21:08:28
sad,0.67,sad,sad,LOW,LOW,LOW,LOW,FOCUSED,0.82,0.148,FLUCTUATING,1,1.52,CENTER,1.0,0,0.315,"{'yaw': -0.52, 'pitch': 2.27, 'roll': -0.12}",fear,0.24,MEDIUM,0.4033,0.0653,0.726,0.2844,0.5126,4.7008,0.4874,0.109,False,LOW,0.241,28.6,18.4,LOW,"{'visual_stress': 0.0, 'audio_stress': 15.0, 'emotion_instability': 2.9, 'eye_avoidance': 0.0, 'head_movement': 0.8}",Stable emotional condition,"{'visual': 0.548, 'audio': 0.452}",False,sad,2026-07-08 21:08:28
neutral,0.92,neutral,neutral,LOW,LOW,LOW,LOW,FOCUSED,0.82,0.205,FLUCTUATING,1,1.51,CENTER,1.0,0,0.318,"{'yaw': -0.58, 'pitch': 2.17, 'roll': -0.13}",fear,0.24,MEDIUM,0.4033,0.0653,0.726,0.2844,0.5126,4.7008,0.4874,0.109,False,LOW,0.24,16.6,18.7,LOW,"{'visual_stress': 0.0, 'audio_stress': 15.0, 'emotion_instability': 3.4, 'eye_avoidance': 0.0, 'head_movement': 0.8}",Stable emotional condition,"{'visual': 0.627, 'audio': 0.373}",False,neutral,2026-07-08 21:08:29
neutral,0.92,neutral,neutral,LOW,LOW,LOW,LOW,FOCUSED,0.82,0.214,FLUCTUATING,1,1.48,CENTER,1.0,0,0.332,"{'yaw': -0.01, 'pitch': 2.93, 'roll': -0.06}",fear,0.24,MEDIUM,0.4033,0.0653,0.726,0.2844,0.5126,4.7008,0.4874,0.109,False,LOW,0.234,16.6,18.8,LOW,"{'visual_stress': 0.0, 'audio_stress': 15.0, 'emotion_instability': 3.3, 'eye_avoidance': 0.0, 'head_movement': 0.7}",Stable emotional condition,"{'visual': 0.637, 'audio': 0.363}",False,neutral,2026-07-08 21:08:29
neutral,0.7,neutral,neutral,LOW,LOW,LOW,LOW,FOCUSED,0.82,0.168,FLUCTUATING,1,1.5,CENTER,1.0,0,0.342,"{'yaw': 0.44, 'pitch': 4.18, 'roll': -0.1}",fear,0.24,MEDIUM,0.4033,0.0653,0.726,0.2844,0.5126,4.7008,0.4874,0.109,False,LOW,0.231,16.6,18.9,LOW,"{'visual_stress': 0.0, 'audio_stress': 15.0, 'emotion_instability': 3.1, 'eye_avoidance': 0.0, 'head_movement': 0.8}",Stable emotional condition,"{'visual': 0.579, 'audio': 0.421}",False,neutral,2026-07-08 21:08:30
neutral,0.7,neutral,neutral,LOW,LOW,LOW,LOW,FOCUSED,0.82,0.162,STABLE,1,1.52,CENTER,1.0,0,0.33,"{'yaw': 0.82, 'pitch': 3.3, 'roll': -0.09}",fear,0.24,MEDIUM,0.4033,0.0653,0.726,0.2844,0.5126,4.7008,0.4874,0.109,False,LOW,0.235,16.6,18.8,LOW,"{'visual_stress': 0.0, 'audio_stress': 15.0, 'emotion_instability': 3.0, 'eye_avoidance': 0.0, 'head_movement': 0.8}",Stable emotional condition,"{'visual': 0.57, 'audio': 0.43}",False,neutral,2026-07-08 21:08:30
neutral,0.92,neutral,neutral,LOW,LOW,LOW,LOW,FOCUSED,0.93,0.198,STABLE,1,1.51,CENTER,1.0,0,0.308,"{'yaw': -0.5, 'pitch': 2.17, 'roll': -0.15}",fear,0.24,MEDIUM,0.4033,0.0653,0.726,0.2844,0.5126,4.7008,0.4874,0.109,False,LOW,0.244,16.6,18.8,LOW,"{'visual_stress': 0.0, 'audio_stress': 15.0, 'emotion_instability': 2.9, 'eye_avoidance': 0.0, 'head_movement': 0.8}",Stable emotional condition,"{'visual': 0.619, 'audio': 0.381}",False,neutral,2026-07-08 21:08:30
neutral,0.92,neutral,neutral,LOW,LOW,LOW,LOW,FOCUSED,0.82,0.212,STABLE,1,1.48,CENTER,1.0,0,0.329,"{'yaw': -0.27, 'pitch': 3.24, 'roll': -0.1}",fear,0.24,MEDIUM,0.4033,0.0653,0.726,0.2844,0.5126,4.7008,0.4874,0.109,False,LOW,0.235,16.6,18.7,LOW,"{'visual_stress': 0.0, 'audio_stress': 15.0, 'emotion_instability': 2.8, 'eye_avoidance': 0.0, 'head_movement': 0.7}",Stable emotional condition,"{'visual': 0.635, 'audio': 0.365}",False,neutral,2026-07-08 21:08:31
neutral,0.67,neutral,neutral,LOW,LOW,LOW,LOW,FOCUSED,0.82,0.157,STABLE,1,1.48,CENTER,1.0,0,0.335,"{'yaw': -0.33, 'pitch': 4.31, 'roll': -0.1}",fear,0.24,MEDIUM,0.4033,0.0653,0.726,0.2844,0.5126,4.7008,0.4874,0.109,False,LOW,0.233,16.6,18.6,LOW,"{'visual_stress': 0.0, 'audio_stress': 15.0, 'emotion_instability': 2.7, 'eye_avoidance': 0.0, 'head_movement': 0.7}",Stable emotional condition,"{'visual': 0.563, 'audio': 0.437}",False,neutral,2026-07-08 21:08:31
neutral,0.67,neutral,neutral,LOW,LOW,LOW,LOW,FOCUSED,0.82,0.168,STABLE,1,1.5,CENTER,1.0,0,0.358,"{'yaw': -0.58, 'pitch': 4.7, 'roll': -0.07}",fear,0.2,LOW,0.41,0.0362,0.624,0.1197,0.4171,3.6935,0.5829,0.1129,False,LOW,0.0,4.1,12.5,LOW,"{'visual_stress': 0.0, 'audio_stress': 0.0, 'emotion_instability': 2.6, 'eye_avoidance': 0.0, 'head_movement': 0.8}",Stable emotional condition,"{'visual': 0.658, 'audio': 0.342}",False,neutral,2026-07-08 21:08:32
angry,0.35,angry,angry,LOW,LOW,LOW,LOW,FOCUSED,1.0,0.087,FLUCTUATING,1,1.57,CENTER,1.0,0,0.321,"{'yaw': -0.19, 'pitch': 5.69, 'roll': -0.05}",fear,0.2,LOW,0.41,0.0362,0.624,0.1197,0.4171,3.6935,0.5829,0.1129,False,LOW,0.0,16.1,9.1,LOW,"{'visual_stress': 0.0, 'audio_stress': 0.0, 'emotion_instability': 3.1, 'eye_avoidance': 0.0, 'head_movement': 0.8}",Negative emotional state,"{'visual': 0.474, 'audio': 0.526}",False,fear,2026-07-08 21:08:33
angry,0.35,angry,angry,LOW,MEDIUM,LOW,LOW,FOCUSED,0.71,0.087,STABLE,2,1.66,CENTER,1.0,0,0.318,"{'yaw': -0.43, 'pitch': 5.84, 'roll': -0.02}",fear,0.2,LOW,0.41,0.0362,0.624,0.1197,0.4171,3.6935,0.5829,0.1129,False,LOW,0.277,31.5,14.0,LOW,"{'visual_stress': 17.5, 'audio_stress': 0.0, 'emotion_instability': 3.1, 'eye_avoidance': 0.0, 'head_movement': 0.8}",Negative emotional state,"{'visual': 0.471, 'audio': 0.529}",False,fear,2026-07-08 21:08:33
neutral,0.84,neutral,neutral,LOW,LOW,LOW,LOW,FOCUSED,1.0,0.188,STABLE,2,1.73,CENTER,1.0,0,0.319,"{'yaw': -0.48, 'pitch': 5.92, 'roll': -0.06}",fear,0.2,LOW,0.41,0.0362,0.624,0.1197,0.4171,3.6935,0.5829,0.1129,False,LOW,0.0,4.5,10.2,LOW,"{'visual_stress': 0.0, 'audio_stress': 0.0, 'emotion_instability': 3.6, 'eye_avoidance': 0.0, 'head_movement': 0.9}",Stable emotional condition,"{'visual': 0.682, 'audio': 0.318}",False,neutral,2026-07-08 21:08:34
neutral,0.84,neutral,neutral,LOW,LOW,LOW,LOW,FOCUSED,1.0,0.185,STABLE,2,1.75,CENTER,1.0,0,0.315,"{'yaw': -0.48, 'pitch': 5.47, 'roll': -0.08}",fear,0.2,LOW,0.41,0.0362,0.624,0.1197,0.4171,3.6935,0.5829,0.1129,False,LOW,0.0,4.5,7.9,LOW,"{'visual_stress': 0.0, 'audio_stress': 0.0, 'emotion_instability': 3.6, 'eye_avoidance': 0.0, 'head_movement': 0.9}",Stable emotional condition,"{'visual': 0.68, 'audio': 0.32}",False,neutral,2026-07-08 21:08:34
neutral,0.99,neutral,neutral,LOW,LOW,LOW,LOW,FOCUSED,1.0,0.214,STABLE,2,1.78,CENTER,1.0,0,0.309,"{'yaw': -0.54, 'pitch': 5.45, 'roll': -0.09}",fear,0.2,LOW,0.41,0.0362,0.624,0.1197,0.4171,3.6935,0.5829,0.1129,False,LOW,0.0,4.6,6.6,LOW,"{'visual_stress': 0.0, 'audio_stress': 0.0, 'emotion_instability': 3.6, 'eye_avoidance': 0.0, 'head_movement': 0.9}",Stable emotional condition,"{'visual': 0.71, 'audio': 0.29}",False,neutral,2026-07-08 21:08:35
neutral,0.99,neutral,neutral,LOW,LOW,LOW,LOW,FOCUSED,1.0,0.215,STABLE,2,1.81,CENTER,1.0,0,0.31,"{'yaw': -0.66, 'pitch': 5.54, 'roll': -0.11}",fear,0.2,LOW,0.41,0.0362,0.624,0.1197,0.4171,3.6935,0.5829,0.1129,False,LOW,0.0,4.6,5.7,LOW,"{'visual_stress': 0.0, 'audio_stress': 0.0, 'emotion_instability': 3.6, 'eye_avoidance': 0.0, 'head_movement': 0.9}",Stable emotional condition,"{'visual': 0.711, 'audio': 0.289}",False,neutral,2026-07-08 21:08:36
neutral,0.88,neutral,neutral,LOW,LOW,LOW,LOW,FOCUSED,1.0,0.19,STABLE,2,1.81,CENTER,1.0,0,0.308,"{'yaw': -0.65, 'pitch': 5.04, 'roll': -0.07}",fear,0.2,LOW,0.41,0.0362,0.624,0.1197,0.4171,3.6935,0.5829,0.1129,False,LOW,0.0,4.6,5.2,LOW,"{'visual_stress': 0.0, 'audio_stress': 0.0, 'emotion_instability': 3.6, 'eye_avoidance': 0.0, 'head_movement': 0.9}",Stable emotional condition,"{'visual': 0.685, 'audio': 0.315}",False,neutral,2026-07-08 21:08:37
neutral,0.88,neutral,neutral,LOW,LOW,LOW,LOW,FOCUSED,0.82,0.182,STABLE,2,1.8,CENTER,1.0,0,0.295,"{'yaw': -0.9, 'pitch': 4.11, 'roll': -0.08}",fear,0.2,LOW,0.41,0.0362,0.624,0.1197,0.4171,3.6935,0.5829,0.1129,False,LOW,0.0,4.6,4.9,LOW,"{'visual_stress': 0.0, 'audio_stress': 0.0, 'emotion_instability': 3.6, 'eye_avoidance': 0.0, 'head_movement': 0.9}",Stable emotional condition,"{'visual': 0.675, 'audio': 0.325}",False,neutral,2026-07-08 21:08:38
neutral,0.92,neutral,neutral,LOW,LOW,LOW,LOW,FOCUSED,0.82,0.195,STABLE,2,1.82,CENTER,1.0,0,0.303,"{'yaw': -1.33, 'pitch': 3.93, 'roll': -0.09}",fear,0.2,LOW,0.41,0.0362,0.624,0.1197,0.4171,3.6935,0.5829,0.1129,False,LOW,0.0,4.6,4.8,LOW,"{'visual_stress': 0.0, 'audio_stress': 0.0, 'emotion_instability': 3.6, 'eye_avoidance': 0.0, 'head_movement': 0.9}",Stable emotional condition,"{'visual': 0.691, 'audio': 0.309}",False,neutral,2026-07-08 21:08:38
neutral,0.92,neutral,neutral,LOW,LOW,LOW,LOW,FOCUSED,0.82,0.198,STABLE,2,1.81,CENTER,1.0,0,0.307,"{'yaw': -0.83, 'pitch': 4.07, 'roll': -0.07}",angry,0.25333333333333335,MEDIUM,0.35,0.0489,0.676,0.0898,0.3015,2.0146,0.6985,0.1322,False,LOW,0.218,17.1,10.5,LOW,"{'visual_stress': 0.0, 'audio_stress': 15.0, 'emotion_instability': 3.1, 'eye_avoidance': 0.0, 'head_movement': 0.9}",Stable emotional condition,"{'visual': 0.623, 'audio': 0.377}",False,neutral,2026-07-08 21:08:39
neutral,0.84,neutral,neutral,LOW,LOW,LOW,LOW,FOCUSED,0.82,0.178,STABLE,2,1.8,CENTER,1.0,0,0.303,"{'yaw': -0.83, 'pitch': 4.16, 'roll': -0.08}",angry,0.25333333333333335,MEDIUM,0.35,0.0489,0.676,0.0898,0.3015,2.0146,0.6985,0.1322,False,LOW,0.219,17.1,13.9,LOW,"{'visual_stress': 0.0, 'audio_stress': 15.0, 'emotion_instability': 3.1, 'eye_avoidance': 0.0, 'head_movement': 0.9}",Stable emotional condition,"{'visual': 0.598, 'audio': 0.402}",False,neutral,2026-07-08 21:08:40
neutral,0.84,neutral,neutral,LOW,LOW,LOW,LOW,FOCUSED,0.82,0.175,STABLE,3,1.8,CENTER,1.0,0,0.298,"{'yaw': -0.37, 'pitch': 3.29, 'roll': -0.07}",angry,0.25333333333333335,MEDIUM,0.35,0.0489,0.676,0.0898,0.3015,2.0146,0.6985,0.1322,False,LOW,0.221,17.4,15.9,LOW,"{'visual_stress': 0.0, 'audio_stress': 15.0, 'emotion_instability': 3.1, 'eye_avoidance': 0.0, 'head_movement': 0.9}",Stable emotional condition,"{'visual': 0.594, 'audio': 0.406}",False,neutral,2026-07-08 21:08:40
neutral,0.52,neutral,neutral,LOW,LOW,LOW,LOW,FOCUSED,0.9,0.12,STABLE,3,1.79,CENTER,1.0,0,0.298,"{'yaw': -0.7, 'pitch': 3.43, 'roll': -0.11}",angry,0.25333333333333335,MEDIUM,0.35,0.0489,0.676,0.0898,0.3015,2.0146,0.6985,0.1322,False,LOW,0.221,29.4,17.4,LOW,"{'visual_stress': 0.0, 'audio_stress': 15.0, 'emotion_instability': 3.6, 'eye_avoidance': 0.0, 'head_movement': 0.9}",Negative emotional state,"{'visual': 0.475, 'audio': 0.525}",False,angry,2026-07-08 21:08:41
neutral,0.52,neutral,neutral,LOW,LOW,LOW,LOW,FOCUSED,0.93,0.122,STABLE,3,1.82,CENTER,1.0,0,0.336,"{'yaw': -0.26, 'pitch': 5.63, 'roll': -0.07}",angry,0.25333333333333335,MEDIUM,0.35,0.0489,0.676,0.0898,0.3015,2.0146,0.6985,0.1322,False,LOW,0.207,17.4,18.2,LOW,"{'visual_stress': 0.0, 'audio_stress': 15.0, 'emotion_instability': 3.6, 'eye_avoidance': 0.0, 'head_movement': 0.9}",Stable emotional condition,"{'visual': 0.505, 'audio': 0.495}",False,neutral,2026-07-08 21:08:41
neutral,0.84,neutral,neutral,LOW,LOW,LOW,LOW,FOCUSED,0.82,0.205,STABLE,3,1.91,CENTER,1.0,0,0.348,"{'yaw': -0.76, 'pitch': 6.69, 'roll': -0.03}",angry,0.25333333333333335,MEDIUM,0.35,0.0489,0.676,0.0898,0.3015,2.0146,0.6985,0.1322,False,LOW,0.202,17.5,18.8,LOW,"{'visual_stress': 0.0, 'audio_stress': 15.0, 'emotion_instability': 3.6, 'eye_avoidance': 0.0, 'head_movement': 1.0}",Stable emotional condition,"{'visual': 0.631, 'audio': 0.369}",False,neutral,2026-07-08 21:08:42
neutral,0.84,neutral,neutral,LOW,LOW,LOW,LOW,FOCUSED,0.82,0.216,STABLE,3,2.0,CENTER,1.0,0,0.368,"{'yaw': -0.44, 'pitch': 6.98, 'roll': -0.02}",angry,0.25333333333333335,MEDIUM,0.35,0.0489,0.676,0.0898,0.3015,2.0146,0.6985,0.1322,False,LOW,0.196,17.5,18.9,LOW,"{'visual_stress': 0.0, 'audio_stress': 15.0, 'emotion_instability': 3.1, 'eye_avoidance': 0.0, 'head_movement': 1.0}",Stable emotional condition,"{'visual': 0.643, 'audio': 0.357}",False,neutral,2026-07-08 21:08:42
neutral,0.78,neutral,neutral,LOW,LOW,LOW,LOW,FOCUSED,0.82,0.188,STABLE,3,2.04,CENTER,1.0,0,0.344,"{'yaw': -0.25, 'pitch': 6.16, 'roll': 0.01}",angry,0.25333333333333335,MEDIUM,0.35,0.0489,0.676,0.0898,0.3015,2.0146,0.6985,0.1322,False,LOW,0.204,17.5,19.0,LOW,"{'visual_stress': 0.0, 'audio_stress': 15.0, 'emotion_instability': 3.1, 'eye_avoidance': 0.0, 'head_movement': 1.0}",Stable emotional condition,"{'visual': 0.61, 'audio': 0.39}",False,neutral,2026-07-08 21:08:43
neutral,0.78,neutral,neutral,LOW,LOW,LOW,LOW,FOCUSED,0.82,0.165,STABLE,3,2.02,CENTER,1.0,0,0.302,"{'yaw': -0.9, 'pitch': 4.01, 'roll': -0.05}",angry,0.25333333333333335,MEDIUM,0.35,0.0489,0.676,0.0898,0.3015,2.0146,0.6985,0.1322,False,LOW,0.22,17.5,19.0,LOW,"{'visual_stress': 0.0, 'audio_stress': 15.0, 'emotion_instability': 3.1, 'eye_avoidance': 0.0, 'head_movement': 1.0}",Stable emotional condition,"{'visual': 0.579, 'audio': 0.421}",False,neutral,2026-07-08 21:08:43
neutral,0.99,neutral,neutral,LOW,LOW,LOW,LOW,FOCUSED,0.82,0.22,STABLE,3,2.03,CENTER,1.0,0,0.318,"{'yaw': -1.12, 'pitch': 4.12, 'roll': -0.06}",angry,0.25333333333333335,MEDIUM,0.35,0.0489,0.676,0.0898,0.3015,2.0146,0.6985,0.1322,False,LOW,0.213,17.5,19.1,LOW,"{'visual_stress': 0.0, 'audio_stress': 15.0, 'emotion_instability': 3.1, 'eye_avoidance': 0.0, 'head_movement': 1.0}",Stable emotional condition,"{'visual': 0.648, 'audio': 0.352}",False,neutral,2026-07-08 21:08:43
neutral,0.99,neutral,neutral,LOW,LOW,LOW,LOW,FOCUSED,0.82,0.218,STABLE,3,1.97,CENTER,1.0,0,0.314,"{'yaw': -1.37, 'pitch': 3.46, 'roll': -0.08}",fear,0.24666666666666667,MEDIUM,0.3533,0.0485,0.674,0.0,0.2211,2.0146,0.7789,0.0659,False,LOW,0.216,17.5,18.9,LOW,"{'visual_stress': 0.0, 'audio_stress': 15.0, 'emotion_instability': 2.6, 'eye_avoidance': 0.0, 'head_movement': 1.0}",Stable emotional condition,"{'visual': 0.652, 'audio': 0.348}",False,neutral,2026-07-08 21:08:45
angry,0.58,angry,angry,MEDIUM,MEDIUM,MEDIUM,LOW,FOCUSED,0.71,0.129,STABLE,3,1.86,CENTER,1.0,0,0.318,"{'yaw': -2.16, 'pitch': 3.38, 'roll': -0.04}",fear,0.24666666666666667,MEDIUM,0.3533,0.0485,0.674,0.0,0.2211,2.0146,0.7789,0.0659,False,MEDIUM,0.5,44.4,25.9,LOW,"{'visual_stress': 17.5, 'audio_stress': 15.0, 'emotion_instability': 3.1, 'eye_avoidance': 0.0, 'head_movement': 0.9}",Negative emotional state,"{'visual': 0.526, 'audio': 0.474}",False,angry,2026-07-08 21:08:45
angry,0.58,angry,angry,LOW,LOW,LOW,LOW,FOCUSED,0.89,0.13,STABLE,3,1.89,CENTER,1.0,0,0.319,"{'yaw': -2.33, 'pitch': 3.63, 'roll': -0.09}",fear,0.24666666666666667,MEDIUM,0.3533,0.0485,0.674,0.0,0.2211,2.0146,0.7789,0.0659,False,LOW,0.214,29.4,23.0,LOW,"{'visual_stress': 0.0, 'audio_stress': 15.0, 'emotion_instability': 2.6, 'eye_avoidance': 0.0, 'head_movement': 0.9}",Negative emotional state,"{'visual': 0.527, 'audio': 0.473}",False,angry,2026-07-08 21:08:46
neutral,0.73,neutral,neutral,LOW,LOW,LOW,LOW,FOCUSED,0.9,0.168,STABLE,3,1.88,CENTER,1.0,0,0.329,"{'yaw': -2.27, 'pitch': 4.51, 'roll': -0.07}",fear,0.24666666666666667,MEDIUM,0.3533,0.0485,0.674,0.0,0.2211,2.0146,0.7789,0.0659,False,LOW,0.21,17.4,21.4,LOW,"{'visual_stress': 0.0, 'audio_stress': 15.0, 'emotion_instability': 3.1, 'eye_avoidance': 0.0, 'head_movement': 0.9}",Stable emotional condition,"{'visual': 0.591, 'audio': 0.409}",False,neutral,2026-07-08 21:08:46
neutral,0.73,neutral,neutral,LOW,LOW,LOW,LOW,FOCUSED,0.82,0.171,STABLE,3,1.87,CENTER,1.0,0,0.335,"{'yaw': -0.81, 'pitch': 6.05, 'roll': -0.02}",fear,0.24666666666666667,MEDIUM,0.3533,0.0485,0.674,0.0,0.2211,2.0146,0.7789,0.0659,False,LOW,0.208,17.4,20.4,LOW,"{'visual_stress': 0.0, 'audio_stress': 15.0, 'emotion_instability': 3.1, 'eye_avoidance': 0.0, 'head_movement': 0.9}",Stable emotional condition,"{'visual': 0.595, 'audio': 0.405}",False,neutral,2026-07-08 21:08:46
neutral,0.37,neutral,neutral,LOW,LOW,LOW,LOW,FOCUSED,0.93,0.116,FLUCTUATING,3,1.86,CENTER,1.0,0,0.343,"{'yaw': -1.14, 'pitch': 6.02, 'roll': -0.07}",fear,0.24666666666666667,MEDIUM,0.3533,0.0485,0.674,0.0,0.2211,2.0146,0.7789,0.0659,False,LOW,0.205,29.4,20.1,LOW,"{'visual_stress': 0.0, 'audio_stress': 15.0, 'emotion_instability': 3.6, 'eye_avoidance': 0.0, 'head_movement': 0.9}",Negative emotional state,"{'visual': 0.433, 'audio': 0.567}",False,fear,2026-07-08 21:08:47
neutral,0.37,neutral,neutral,LOW,LOW,LOW,LOW,FOCUSED,0.82,0.116,FLUCTUATING,3,1.77,CENTER,1.0,0,0.313,"{'yaw': -1.44, 'pitch': 4.16, 'roll': -0.1}",fear,0.24666666666666667,MEDIUM,0.3533,0.0485,0.674,0.0,0.2211,2.0146,0.7789,0.0659,False,LOW,0.216,29.4,19.8,LOW,"{'visual_stress': 0.0, 'audio_stress': 15.0, 'emotion_instability': 3.6, 'eye_avoidance': 0.0, 'head_movement': 0.9}",Negative emotional state,"{'visual': 0.411, 'audio': 0.589}",False,fear,2026-07-08 21:08:47
neutral,0.67,neutral,neutral,LOW,LOW,LOW,LOW,FOCUSED,0.93,0.136,FLUCTUATING,3,1.77,CENTER,1.0,0,0.289,"{'yaw': -1.56, 'pitch': 2.29, 'roll': -0.11}",fear,0.24666666666666667,MEDIUM,0.3533,0.0485,0.674,0.0,0.2211,2.0146,0.7789,0.0659,False,LOW,0.226,17.4,19.9,LOW,"{'visual_stress': 0.0, 'audio_stress': 15.0, 'emotion_instability': 4.1, 'eye_avoidance': 0.0, 'head_movement': 0.9}",Stable emotional condition,"{'visual': 0.538, 'audio': 0.462}",False,neutral,2026-07-08 21:08:48
neutral,0.67,neutral,neutral,LOW,LOW,LOW,LOW,FOCUSED,0.82,0.146,FLUCTUATING,3,1.74,CENTER,1.0,0,0.311,"{'yaw': -0.92, 'pitch': 3.94, 'roll': -0.06}",fear,0.24666666666666667,MEDIUM,0.3533,0.0485,0.674,0.0,0.2211,2.0146,0.7789,0.0659,False,LOW,0.217,17.4,19.9,LOW,"{'visual_stress': 0.0, 'audio_stress': 15.0, 'emotion_instability': 4.1, 'eye_avoidance': 0.0, 'head_movement': 0.9}",Stable emotional condition,"{'visual': 0.556, 'audio': 0.444}",False,neutral,2026-07-08 21:08:48
neutral,0.46,neutral,neutral,LOW,LOW,LOW,LOW,FOCUSED,0.82,0.116,FLUCTUATING,3,1.73,CENTER,1.0,0,0.309,"{'yaw': -1.24, 'pitch': 4.29, 'roll': -0.08}",fear,0.24666666666666667,MEDIUM,0.3533,0.0485,0.674,0.0,0.2211,2.0146,0.7789,0.0659,False,LOW,0.218,29.4,20.2,LOW,"{'visual_stress': 0.0, 'audio_stress': 15.0, 'emotion_instability': 4.7, 'eye_avoidance': 0.0, 'head_movement': 0.9}",Negative emotional state,"{'visual': 0.461, 'audio': 0.539}",False,fear,2026-07-08 21:08:49
neutral,0.46,angry,neutral,LOW,LOW,LOW,LOW,FOCUSED,1.0,0.116,FLUCTUATING,3,1.76,CENTER,1.0,0,0.35,"{'yaw': -0.93, 'pitch': 6.16, 'roll': -0.03}",fear,0.24666666666666667,LOW,0.37,0.048,0.673,0.0,0.2111,3.0219,0.7889,0.0786,False,LOW,0.0,16.9,14.1,LOW,"{'visual_stress': 0.0, 'audio_stress': 0.0, 'emotion_instability': 4.1, 'eye_avoidance': 0.0, 'head_movement': 0.9}",Negative emotional state,"{'visual': 0.492, 'audio': 0.508}",False,fear,2026-07-08 21:08:52
neutral,0.91,fearful,neutral,LOW,LOW,LOW,LOW,FOCUSED,0.93,0.203,FLUCTUATING,3,1.8,CENTER,1.0,0,0.318,"{'yaw': -1.87, 'pitch': 6.56, 'roll': -0.11}",fear,0.24666666666666667,LOW,0.37,0.048,0.673,0.0,0.2111,3.0219,0.7889,0.0786,False,LOW,0.0,4.9,10.7,LOW,"{'visual_stress': 0.0, 'audio_stress': 0.0, 'emotion_instability': 4.7, 'eye_avoidance': 0.0, 'head_movement': 0.9}",Stable emotional condition,"{'visual': 0.635, 'audio': 0.365}",False,neutral,2026-07-08 21:08:53
neutral,0.91,fearful,neutral,LOW,LOW,LOW,LOW,FOCUSED,0.82,0.202,STABLE,3,1.78,CENTER,1.0,0,0.317,"{'yaw': -1.14, 'pitch': 5.6, 'roll': -0.05}",fear,0.24666666666666667,LOW,0.37,0.048,0.673,0.0,0.2111,3.0219,0.7889,0.0786,False,LOW,0.0,4.9,8.4,LOW,"{'visual_stress': 0.0, 'audio_stress': 0.0, 'emotion_instability': 4.1, 'eye_avoidance': 0.0, 'head_movement': 0.9}",Stable emotional condition,"{'visual': 0.635, 'audio': 0.365}",False,neutral,2026-07-08 21:08:54
neutral,0.49,fearful,neutral,LOW,LOW,LOW,LOW,FOCUSED,0.82,0.116,STABLE,3,1.78,CENTER,1.0,0,0.316,"{'yaw': -1.49, 'pitch': 6.06, 'roll': -0.07}",fear,0.24666666666666667,LOW,0.37,0.048,0.673,0.0,0.2111,3.0219,0.7889,0.0786,False,LOW,0.0,16.9,7.3,LOW,"{'visual_stress': 0.0, 'audio_stress': 0.0, 'emotion_instability': 4.7, 'eye_avoidance': 0.0, 'head_movement': 0.9}",Negative emotional state,"{'visual': 0.483, 'audio': 0.517}",False,fear,2026-07-08 21:08:55
neutral,0.49,fearful,neutral,LOW,LOW,LOW,LOW,FOCUSED,0.82,0.116,STABLE,3,1.77,CENTER,1.0,0,0.302,"{'yaw': -0.96, 'pitch': 4.38, 'roll': -0.1}",fear,0.24666666666666667,LOW,0.37,0.048,0.673,0.0,0.2111,3.0219,0.7889,0.0786,False,LOW,0.0,16.9,6.6,LOW,"{'visual_stress': 0.0, 'audio_stress': 0.0, 'emotion_instability': 4.7, 'eye_avoidance': 0.0, 'head_movement': 0.9}",Negative emotional state,"{'visual': 0.471, 'audio': 0.529}",False,fear,2026-07-08 21:08:55
neutral,0.88,fearful,neutral,LOW,LOW,LOW,LOW,FOCUSED,0.94,0.182,STABLE,3,1.79,CENTER,1.0,0,0.296,"{'yaw': -1.38, 'pitch': 3.24, 'roll': -0.13}",fear,0.24666666666666667,LOW,0.37,0.048,0.673,0.0,0.2111,3.0219,0.7889,0.0786,False,LOW,0.0,4.9,6.4,LOW,"{'visual_stress': 0.0, 'audio_stress': 0.0, 'emotion_instability': 5.2, 'eye_avoidance': 0.0, 'head_movement': 0.9}",Stable emotional condition,"{'visual': 0.611, 'audio': 0.389}",False,neutral,2026-07-08 21:08:56
neutral,0.88,fearful,neutral,LOW,LOW,LOW,LOW,FOCUSED,0.93,0.19,STABLE,3,1.8,CENTER,1.0,0,0.308,"{'yaw': -1.85, 'pitch': 3.65, 'roll': -0.12}",fear,0.24666666666666667,LOW,0.37,0.048,0.673,0.0,0.2111,3.0219,0.7889,0.0786,False,LOW,0.0,4.9,6.3,LOW,"{'visual_stress': 0.0, 'audio_stress': 0.0, 'emotion_instability': 5.2, 'eye_avoidance': 0.0, 'head_movement': 0.9}",Stable emotional condition,"{'visual': 0.62, 'audio': 0.38}",False,neutral,2026-07-08 21:08:56
angry,0.62,fearful,angry,LOW,LOW,LOW,LOW,FOCUSED,1.0,0.141,FLUCTUATING,3,1.82,CENTER,1.0,0,0.325,"{'yaw': -2.01, 'pitch': 5.18, 'roll': -0.11}",fear,0.24666666666666667,LOW,0.37,0.048,0.673,0.0,0.2111,3.0219,0.7889,0.0786,False,LOW,0.0,16.9,6.4,LOW,"{'visual_stress': 0.0, 'audio_stress': 0.0, 'emotion_instability': 5.7, 'eye_avoidance': 0.0, 'head_movement': 0.9}",Negative emotional state,"{'visual': 0.548, 'audio': 0.452}",False,angry,2026-07-08 21:08:57
angry,0.62,fearful,angry,LOW,LOW,LOW,LOW,FOCUSED,0.82,0.152,FLUCTUATING,3,1.85,CENTER,1.0,0,0.35,"{'yaw': -0.79, 'pitch': 6.11, 'roll': 0.02}",fear,0.24666666666666667,LOW,0.37,0.048,0.673,0.0,0.2111,3.0219,0.7889,0.0786,False,LOW,0.0,16.9,6.5,LOW,"{'visual_stress': 0.0, 'audio_stress': 0.0, 'emotion_instability': 5.7, 'eye_avoidance': 0.0, 'head_movement': 0.9}",Negative emotional state,"{'visual': 0.567, 'audio': 0.433}",False,angry,2026-07-08 21:08:58
neutral,0.64,fearful,neutral,LOW,LOW,LOW,LOW,FOCUSED,0.89,0.134,FLUCTUATING,3,1.85,CENTER,1.0,0,0.3,"{'yaw': -1.17, 'pitch': 3.58, 'roll': -0.08}",fear,0.24666666666666667,LOW,0.37,0.048,0.673,0.0,0.2111,3.0219,0.7889,0.0786,False,LOW,0.0,4.9,6.7,LOW,"{'visual_stress': 0.0, 'audio_stress': 0.0, 'emotion_instability': 6.2, 'eye_avoidance': 0.0, 'head_movement': 0.9}",Stable emotional condition,"{'visual': 0.536, 'audio': 0.464}",False,neutral,2026-07-08 21:08:58
neutral,0.64,fearful,neutral,LOW,LOW,LOW,LOW,FOCUSED,0.82,0.148,FLUCTUATING,3,1.85,CENTER,1.0,0,0.309,"{'yaw': -1.2, 'pitch': 5.29, 'roll': -0.06}",fear,0.3,MEDIUM,0.42,0.0578,0.705,0.0,0.4221,3.6935,0.5779,0.1257,False,LOW,0.245,29.4,13.1,LOW,"{'visual_stress': 0.0, 'audio_stress': 15.0, 'emotion_instability': 6.7, 'eye_avoidance': 0.0, 'head_movement': 0.9}",Negative emotional state,"{'visual': 0.483, 'audio': 0.517}",False,fear,2026-07-08 21:09:00
neutral,0.52,fearful,neutral,LOW,LOW,LOW,LOW,FOCUSED,0.9,0.148,FLUCTUATING,3,1.87,CENTER,1.0,0,0.316,"{'yaw': -2.07, 'pitch': 5.5, 'roll': -0.07}",fear,0.3,MEDIUM,0.42,0.0578,0.705,0.0,0.4221,3.6935,0.5779,0.1257,False,LOW,0.242,29.4,16.9,LOW,"{'visual_stress': 0.0, 'audio_stress': 15.0, 'emotion_instability': 6.7, 'eye_avoidance': 0.0, 'head_movement': 0.9}",Negative emotional state,"{'visual': 0.437, 'audio': 0.563}",False,fear,2026-07-08 21:09:00
neutral,0.52,disgust,neutral,LOW,LOW,LOW,LOW,FOCUSED,0.82,0.148,FLUCTUATING,3,1.83,CENTER,1.0,0,0.318,"{'yaw': -1.87, 'pitch': 5.34, 'roll': -0.04}",fear,0.3,MEDIUM,0.42,0.0578,0.705,0.0,0.4221,3.6935,0.5779,0.1257,False,LOW,0.241,29.4,19.0,LOW,"{'visual_stress': 0.0, 'audio_stress': 15.0, 'emotion_instability': 6.2, 'eye_avoidance': 0.0, 'head_movement': 0.9}",Negative emotional state,"{'visual': 0.439, 'audio': 0.561}",False,fear,2026-07-08 21:09:01
neutral,0.68,disgust,neutral,LOW,LOW,LOW,LOW,FOCUSED,0.82,0.153,FLUCTUATING,4,1.8,CENTER,1.0,0,0.322,"{'yaw': -1.81, 'pitch': 5.44, 'roll': -0.07}",fear,0.3,MEDIUM,0.42,0.0578,0.705,0.0,0.4221,3.6935,0.5779,0.1257,False,LOW,0.24,17.7,20.2,LOW,"{'visual_stress': 0.0, 'audio_stress': 15.0, 'emotion_instability': 6.2, 'eye_avoidance': 0.0, 'head_movement': 0.9}",Stable emotional condition,"{'visual': 0.509, 'audio': 0.491}",False,neutral,2026-07-08 21:09:01
neutral,0.68,disgust,neutral,LOW,LOW,LOW,LOW,FOCUSED,0.82,0.148,FLUCTUATING,4,1.81,CENTER,1.0,0,0.297,"{'yaw': -0.73, 'pitch': 3.22, 'roll': -0.09}",fear,0.3,MEDIUM,0.42,0.0578,0.705,0.0,0.4221,3.6935,0.5779,0.1257,False,LOW,0.25,29.7,21.2,LOW,"{'visual_stress': 0.0, 'audio_stress': 15.0, 'emotion_instability': 6.7, 'eye_avoidance': 0.0, 'head_movement': 0.9}",Negative emotional state,"{'visual': 0.488, 'audio': 0.512}",False,fear,2026-07-08 21:09:02
angry,0.59,disgust,angry,LOW,LOW,LOW,LOW,FOCUSED,1.0,0.148,FLUCTUATING,4,1.82,CENTER,1.0,0,0.304,"{'yaw': -1.85, 'pitch': 2.51, 'roll': -0.09}",fear,0.3,MEDIUM,0.42,0.0578,0.705,0.0,0.4221,3.6935,0.5779,0.1257,False,LOW,0.247,29.7,21.7,LOW,"{'visual_stress': 0.0, 'audio_stress': 15.0, 'emotion_instability': 6.7, 'eye_avoidance': 0.0, 'head_movement': 0.9}",Negative emotional state,"{'visual': 0.459, 'audio': 0.541}",False,fear,2026-07-08 21:09:03
angry,0.59,disgust,angry,LOW,LOW,LOW,LOW,FOCUSED,0.82,0.148,FLUCTUATING,4,1.74,CENTER,1.0,0,0.332,"{'yaw': -1.89, 'pitch': 5.43, 'roll': -0.08}",fear,0.3,MEDIUM,0.42,0.0578,0.705,0.0,0.4221,3.6935,0.5779,0.1257,False,LOW,0.236,29.7,22.1,LOW,"{'visual_stress': 0.0, 'audio_stress': 15.0, 'emotion_instability': 6.7, 'eye_avoidance': 0.0, 'head_movement': 0.9}",Negative emotional state,"{'visual': 0.481, 'audio': 0.519}",False,fear,2026-07-08 21:09:03
fear,0.64,surprised,fear,LOW,LOW,LOW,LOW,FOCUSED,0.82,0.303,FLUCTUATING,4,1.66,CENTER,1.0,0,0.303,"{'yaw': -1.47, 'pitch': 3.68, 'roll': -0.08}",fear,0.3,MEDIUM,0.42,0.0578,0.705,0.0,0.4221,3.6935,0.5779,0.1257,True,LOW,0.247,29.7,22.3,LOW,"{'visual_stress': 0.0, 'audio_stress': 15.0, 'emotion_instability': 6.7, 'eye_avoidance': 0.0, 'head_movement': 0.8}",Negative emotional state,"{'visual': 0.478, 'audio': 0.522}",False,fear,2026-07-08 21:09:04
fear,0.64,surprised,fear,LOW,LOW,LOW,LOW,FOCUSED,0.93,0.308,STABLE,4,1.65,CENTER,1.0,0,0.318,"{'yaw': -1.79, 'pitch': 4.95, 'roll': -0.09}",fear,0.3,MEDIUM,0.42,0.0578,0.705,0.0,0.4221,3.6935,0.5779,0.1257,True,LOW,0.241,29.7,22.4,LOW,"{'visual_stress': 0.0, 'audio_stress': 15.0, 'emotion_instability': 6.7, 'eye_avoidance': 0.0, 'head_movement': 0.8}",Negative emotional state,"{'visual': 0.49, 'audio': 0.51}",False,fear,2026-07-08 21:09:04
happy,1.0,surprised,happy,LOW,LOW,LOW,LOW,FOCUSED,1.0,0.22,FLUCTUATING,4,1.65,CENTER,1.0,0,0.314,"{'yaw': -1.52, 'pitch': 4.73, 'roll': -0.11}",fear,0.3,MEDIUM,0.42,0.0578,0.705,0.0,0.4221,3.6935,0.5779,0.1257,False,LOW,0.243,14.7,22.6,LOW,"{'visual_stress': 0.0, 'audio_stress': 15.0, 'emotion_instability': 7.2, 'eye_avoidance': 0.0, 'head_movement': 0.8}",Stable emotional condition,"{'visual': 0.598, 'audio': 0.402}",False,happy,2026-07-08 21:09:05
happy,1.0,surprised,happy,LOW,LOW,LOW,LOW,FOCUSED,1.0,0.216,FLUCTUATING,4,1.63,CENTER,1.0,0,0.308,"{'yaw': -1.65, 'pitch': 5.28, 'roll': -0.13}",fear,0.25333333333333335,MEDIUM,0.44,0.0596,0.71,0.0,0.196,2.0146,0.804,0.0838,False,LOW,0.252,14.6,22.6,LOW,"{'visual_stress': 0.0, 'audio_stress': 15.0, 'emotion_instability': 6.7, 'eye_avoidance': 0.0, 'head_movement': 0.8}",Stable emotional condition,"{'visual': 0.631, 'audio': 0.369}",False,happy,2026-07-08 21:09:06
happy,0.94,calm,happy,LOW,LOW,LOW,LOW,FOCUSED,0.91,0.207,FLUCTUATING,4,1.64,CENTER,1.0,0,0.314,"{'yaw': -1.16, 'pitch': 6.48, 'roll': -0.08}",fear,0.25333333333333335,MEDIUM,0.44,0.0596,0.71,0.0,0.196,2.0146,0.804,0.0838,False,LOW,0.249,14.7,22.5,LOW,"{'visual_stress': 0.0, 'audio_stress': 15.0, 'emotion_instability': 6.7, 'eye_avoidance': 0.0, 'head_movement': 0.8}",Stable emotional condition,"{'visual': 0.621, 'audio': 0.379}",False,happy,2026-07-08 21:09:07
happy,0.94,calm,happy,LOW,LOW,LOW,LOW,FOCUSED,1.0,0.224,FLUCTUATING,4,1.74,CENTER,1.0,0,0.34,"{'yaw': -0.29, 'pitch': 7.57, 'roll': -0.02}",fear,0.25333333333333335,MEDIUM,0.44,0.0596,0.71,0.0,0.196,2.0146,0.804,0.0838,False,LOW,0.239,14.7,22.4,LOW,"{'visual_stress': 0.0, 'audio_stress': 15.0, 'emotion_instability': 6.2, 'eye_avoidance': 0.0, 'head_movement': 0.9}",Stable emotional condition,"{'visual': 0.64, 'audio': 0.36}",False,happy,2026-07-08 21:09:07
happy,0.89,calm,happy,LOW,LOW,LOW,LOW,FOCUSED,0.94,0.216,STABLE,4,1.9,CENTER,1.0,0,0.347,"{'yaw': 0.1, 'pitch': 7.88, 'roll': 0.01}",fear,0.25333333333333335,MEDIUM,0.44,0.0596,0.71,0.0,0.196,2.0146,0.804,0.0838,False,LOW,0.237,14.8,22.3,LOW,"{'visual_stress': 0.0, 'audio_stress': 15.0, 'emotion_instability': 6.2, 'eye_avoidance': 0.0, 'head_movement': 1.0}",Stable emotional condition,"{'visual': 0.632, 'audio': 0.368}",False,happy,2026-07-08 21:09:08
happy,0.89,calm,happy,LOW,LOW,LOW,LOW,FOCUSED,1.0,0.202,STABLE,4,2.1,CENTER,1.0,0,0.325,"{'yaw': 0.25, 'pitch': 8.48, 'roll': 0.04}",fear,0.25333333333333335,MEDIUM,0.44,0.0596,0.71,0.0,0.196,2.0146,0.804,0.0838,False,LOW,0.245,14.9,22.1,LOW,"{'visual_stress': 0.0, 'audio_stress': 15.0, 'emotion_instability': 5.7, 'eye_avoidance': 0.0, 'head_movement': 1.1}",Stable emotional condition,"{'visual': 0.617, 'audio': 0.383}",False,happy,2026-07-08 21:09:08
surprise,0.43,calm,surprise,LOW,LOW,LOW,LOW,FOCUSED,0.93,0.126,STABLE,4,2.33,CENTER,1.0,0,0.331,"{'yaw': -0.4, 'pitch': 9.51, 'roll': 0.13}",fear,0.25333333333333335,MEDIUM,0.44,0.0596,0.71,0.0,0.196,2.0146,0.804,0.0838,False,LOW,0.243,30.0,22.2,LOW,"{'visual_stress': 0.0, 'audio_stress': 15.0, 'emotion_instability': 6.2, 'eye_avoidance': 0.0, 'head_movement': 1.2}",Negative emotional state,"{'visual': 0.442, 'audio': 0.558}",False,fear,2026-07-08 21:09:09
surprise,0.43,calm,surprise,LOW,LOW,LOW,LOW,FOCUSED,1.0,0.126,STABLE,4,2.45,CENTER,1.0,0,0.303,"{'yaw': -0.25, 'pitch': 8.69, 'roll': 0.02}",fear,0.25333333333333335,MEDIUM,0.44,0.0596,0.71,0.0,0.196,2.0146,0.804,0.0838,False,LOW,0.254,30.1,22.1,LOW,"{'visual_stress': 0.0, 'audio_stress': 15.0, 'emotion_instability': 5.7, 'eye_avoidance': 0.0, 'head_movement': 1.2}",Negative emotional state,"{'visual': 0.42, 'audio': 0.58}",False,fear,2026-07-08 21:09:09
fear,0.95,calm,fear,LOW,LOW,LOW,LOW,FOCUSED,1.0,0.333,STABLE,4,2.48,CENTER,1.0,0,0.302,"{'yaw': -1.25, 'pitch': 9.12, 'roll': 0.01}",fear,0.25333333333333335,MEDIUM,0.44,0.0596,0.71,0.0,0.196,2.0146,0.804,0.0838,True,LOW,0.254,30.1,22.0,LOW,"{'visual_stress': 0.0, 'audio_stress': 15.0, 'emotion_instability': 5.7, 'eye_avoidance': 0.0, 'head_movement': 1.2}",Negative emotional state,"{'visual': 0.615, 'audio': 0.385}",False,fear,2026-07-08 21:09:10
fear,0.95,calm,fear,LOW,LOW,LOW,LOW,FOCUSED,0.9,0.346,STABLE,4,2.65,CENTER,1.0,0,0.329,"{'yaw': -0.37, 'pitch': 10.14, 'roll': 0.07}",fear,0.25333333333333335,MEDIUM,0.44,0.0596,0.71,0.0,0.196,2.0146,0.804,0.0838,True,LOW,0.244,30.2,21.8,LOW,"{'visual_stress': 0.0, 'audio_stress': 15.0, 'emotion_instability': 5.2, 'eye_avoidance': 0.0, 'head_movement': 1.3}",Negative emotional state,"{'visual': 0.635, 'audio': 0.365}",False,fear,2026-07-08 21:09:11
happy,1.0,calm,happy,LOW,LOW,LOW,LOW,FOCUSED,0.98,0.232,STABLE,4,2.85,CENTER,1.0,0,0.332,"{'yaw': -2.6, 'pitch': 10.53, 'roll': 0.06}",fear,0.25333333333333335,MEDIUM,0.44,0.0596,0.71,0.0,0.196,2.0146,0.804,0.0838,False,LOW,0.242,15.3,21.9,LOW,"{'visual_stress': 0.0, 'audio_stress': 15.0, 'emotion_instability': 5.7, 'eye_avoidance': 0.0, 'head_movement': 1.4}",Stable emotional condition,"{'visual': 0.649, 'audio': 0.351}",False,happy,2026-07-08 21:09:11
happy,1.0,calm,happy,LOW,LOW,LOW,LOW,FOCUSED,0.96,0.195,STABLE,4,2.86,CENTER,1.0,0,0.278,"{'yaw': -1.85, 'pitch': 6.84, 'roll': -0.02}",fear,0.21333333333333335,MEDIUM,0.44,0.046,0.665,0.0,0.3869,4.7008,0.6131,0.0886,False,LOW,0.256,15.3,21.8,LOW,"{'visual_stress': 0.0, 'audio_stress': 15.0, 'emotion_instability': 5.2, 'eye_avoidance': 0.0, 'head_movement': 1.4}",Stable emotional condition,"{'visual': 0.662, 'audio': 0.338}",False,happy,2026-07-08 21:09:12
sad,0.95,calm,sad,MEDIUM,MEDIUM,MEDIUM,LOW,FOCUSED,0.68,0.181,FLUCTUATING,5,2.9,CENTER,1.0,0,0.272,"{'yaw': -2.73, 'pitch': 5.98, 'roll': -0.08}",fear,0.21333333333333335,MEDIUM,0.44,0.046,0.665,0.0,0.3869,4.7008,0.6131,0.0886,False,MEDIUM,0.5,45.6,28.9,LOW,"{'visual_stress': 17.5, 'audio_stress': 15.0, 'emotion_instability': 5.7, 'eye_avoidance': 0.0, 'head_movement': 1.4}",Stable emotional condition,"{'visual': 0.646, 'audio': 0.354}",False,sad,2026-07-08 21:09:13
sad,0.95,calm,sad,MEDIUM,MEDIUM,MEDIUM,LOW,FOCUSED,0.63,0.194,FLUCTUATING,5,2.91,CENTER,1.0,0,0.292,"{'yaw': -0.55, 'pitch': 6.16, 'roll': -0.04}",fear,0.21333333333333335,MEDIUM,0.44,0.046,0.665,0.0,0.3869,4.7008,0.6131,0.0886,False,MEDIUM,0.5,45.6,33.0,LOW,"{'visual_stress': 17.5, 'audio_stress': 15.0, 'emotion_instability': 5.2, 'eye_avoidance': 0.0, 'head_movement': 1.5}",Stable emotional condition,"{'visual': 0.662, 'audio': 0.338}",False,sad,2026-07-08 21:09:13
neutral,0.82,calm,neutral,LOW,LOW,LOW,LOW,FOCUSED,0.73,0.173,FLUCTUATING,5,2.92,CENTER,1.0,0,0.302,"{'yaw': -1.64, 'pitch': 6.63, 'roll': -0.05}",fear,0.21333333333333335,MEDIUM,0.44,0.046,0.665,0.0,0.3869,4.7008,0.6131,0.0886,False,LOW,0.246,18.6,28.7,LOW,"{'visual_stress': 0.0, 'audio_stress': 15.0, 'emotion_instability': 5.7, 'eye_avoidance': 0.0, 'head_movement': 1.5}",Stable emotional condition,"{'visual': 0.636, 'audio': 0.364}",False,neutral,2026-07-08 21:09:14
neutral,0.82,calm,neutral,LOW,LOW,LOW,LOW,FOCUSED,0.78,0.18,FLUCTUATING,5,2.89,CENTER,1.0,0,0.313,"{'yaw': -1.56, 'pitch': 6.17, 'roll': -0.09}",fear,0.21333333333333335,MEDIUM,0.44,0.046,0.665,0.0,0.3869,4.7008,0.6131,0.0886,False,LOW,0.242,18.6,25.9,LOW,"{'visual_stress': 0.0, 'audio_stress': 15.0, 'emotion_instability': 5.2, 'eye_avoidance': 0.0, 'head_movement': 1.4}",Stable emotional condition,"{'visual': 0.644, 'audio': 0.356}",False,neutral,2026-07-08 21:09:15
happy,1.0,calm,happy,LOW,LOW,LOW,LOW,FOCUSED,0.8,0.227,FLUCTUATING,5,2.84,CENTER,1.0,0,0.325,"{'yaw': -1.82, 'pitch': 7.56, 'roll': -0.04}",fear,0.21333333333333335,MEDIUM,0.44,0.046,0.665,0.0,0.3869,4.7008,0.6131,0.0886,False,LOW,0.237,15.6,24.4,LOW,"{'visual_stress': 0.0, 'audio_stress': 15.0, 'emotion_instability': 5.7, 'eye_avoidance': 0.0, 'head_movement': 1.4}",Stable emotional condition,"{'visual': 0.696, 'audio': 0.304}",False,happy,2026-07-08 21:09:15
happy,1.0,calm,happy,LOW,LOW,LOW,LOW,FOCUSED,1.0,0.228,FLUCTUATING,5,2.8,CENTER,1.0,0,0.326,"{'yaw': -1.94, 'pitch': 7.69, 'roll': -0.06}",fear,0.21333333333333335,MEDIUM,0.44,0.046,0.665,0.0,0.3869,4.7008,0.6131,0.0886,False,LOW,0.237,15.6,23.3,LOW,"{'visual_stress': 0.0, 'audio_stress': 15.0, 'emotion_instability': 5.2, 'eye_avoidance': 0.0, 'head_movement': 1.4}",Stable emotional condition,"{'visual': 0.697, 'audio': 0.303}",False,happy,2026-07-08 21:09:16
neutral,0.45,happy,neutral,LOW,LOW,LOW,LOW,FOCUSED,0.87,0.099,FLUCTUATING,5,2.83,CENTER,1.0,0,0.292,"{'yaw': -0.73, 'pitch': 4.04, 'roll': -0.12}",fear,0.21333333333333335,MEDIUM,0.44,0.046,0.665,0.0,0.3869,4.7008,0.6131,0.0886,False,LOW,0.25,30.6,22.8,LOW,"{'visual_stress': 0.0, 'audio_stress': 15.0, 'emotion_instability': 5.7, 'eye_avoidance': 0.0, 'head_movement': 1.4}",Negative emotional state,"{'visual': 0.481, 'audio': 0.519}",False,fear,2026-07-08 21:09:17
neutral,0.45,happy,neutral,LOW,LOW,LOW,LOW,FOCUSED,0.8,0.103,FLUCTUATING,5,2.83,CENTER,1.0,0,0.328,"{'yaw': -0.64, 'pitch': 6.0, 'roll': -0.04}",fear,0.21333333333333335,MEDIUM,0.44,0.046,0.665,0.0,0.3869,4.7008,0.6131,0.0886,False,LOW,0.236,18.6,22.5,LOW,"{'visual_stress': 0.0, 'audio_stress': 15.0, 'emotion_instability': 5.7, 'eye_avoidance': 0.0, 'head_movement': 1.4}",Stable emotional condition,"{'visual': 0.51, 'audio': 0.49}",False,neutral,2026-07-08 21:09:17
neutral,0.6,happy,neutral,LOW,LOW,LOW,LOW,FOCUSED,0.81,0.14,FLUCTUATING,6,2.78,CENTER,1.0,0,0.333,"{'yaw': -1.03, 'pitch': 4.99, 'roll': -0.03}",fear,0.21333333333333335,MEDIUM,0.44,0.046,0.665,0.0,0.3869,4.7008,0.6131,0.0886,False,LOW,0.234,18.9,22.1,LOW,"{'visual_stress': 0.0, 'audio_stress': 15.0, 'emotion_instability': 5.2, 'eye_avoidance': 0.0, 'head_movement': 1.4}",Stable emotional condition,"{'visual': 0.585, 'audio': 0.415}",False,neutral,2026-07-08 21:09:18
neutral,0.6,happy,neutral,LOW,LOW,LOW,LOW,FOCUSED,0.82,0.137,FLUCTUATING,6,2.79,CENTER,1.0,0,0.327,"{'yaw': -1.08, 'pitch': 5.13, 'roll': -0.05}",fear,0.34,MEDIUM,0.46,0.0177,0.5,0.0,0.4774,4.365,0.5226,0.1185,False,LOW,0.206,18.9,21.9,LOW,"{'visual_stress': 0.0, 'audio_stress': 15.0, 'emotion_instability': 5.2, 'eye_avoidance': 0.0, 'head_movement': 1.4}",Stable emotional condition,"{'visual': 0.536, 'audio': 0.464}",False,neutral,2026-07-08 21:09:19
angry,0.43,happy,angry,MEDIUM,MEDIUM,MEDIUM,MEDIUM,FOCUSED,0.69,0.119,FLUCTUATING,6,2.92,CENTER,1.0,0,0.303,"{'yaw': -0.97, 'pitch': 2.06, 'roll': -0.11}",fear,0.34,MEDIUM,0.46,0.0177,0.5,0.0,0.4774,4.365,0.5226,0.1185,False,MEDIUM,0.5,46.0,29.0,LOW,"{'visual_stress': 17.5, 'audio_stress': 15.0, 'emotion_instability': 5.7, 'eye_avoidance': 0.0, 'head_movement': 1.5}",Negative emotional state,"{'visual': 0.434, 'audio': 0.566}",False,fear,2026-07-08 21:09:20
angry,0.43,happy,angry,MEDIUM,MEDIUM,MEDIUM,MEDIUM,FOCUSED,0.68,0.119,FLUCTUATING,6,2.92,CENTER,1.0,0,0.321,"{'yaw': -0.78, 'pitch': 5.11, 'roll': -0.08}",fear,0.34,MEDIUM,0.46,0.0177,0.5,0.0,0.4774,4.365,0.5226,0.1185,False,MEDIUM,0.5,46.0,33.1,LOW,"{'visual_stress': 17.5, 'audio_stress': 15.0, 'emotion_instability': 5.2, 'eye_avoidance': 0.0, 'head_movement': 1.5}",Negative emotional state,"{'visual': 0.448, 'audio': 0.552}",False,fear,2026-07-08 21:09:20
neutral,0.92,happy,neutral,LOW,LOW,LOW,LOW,FOCUSED,0.83,0.209,FLUCTUATING,6,2.92,CENTER,1.0,0,0.324,"{'yaw': -0.63, 'pitch': 5.0, 'roll': -0.09}",fear,0.34,MEDIUM,0.46,0.0177,0.5,0.0,0.4774,4.365,0.5226,0.1185,False,LOW,0.208,19.0,28.5,LOW,"{'visual_stress': 0.0, 'audio_stress': 15.0, 'emotion_instability': 5.2, 'eye_avoidance': 0.0, 'head_movement': 1.5}",Stable emotional condition,"{'visual': 0.637, 'audio': 0.363}",False,neutral,2026-07-08 21:09:21
neutral,0.92,happy,neutral,LOW,LOW,LOW,LOW,FOCUSED,0.91,0.21,FLUCTUATING,6,2.85,CENTER,1.0,0,0.326,"{'yaw': -0.6, 'pitch': 5.66, 'roll': -0.09}",fear,0.34,MEDIUM,0.46,0.0177,0.5,0.0,0.4774,4.365,0.5226,0.1185,False,LOW,0.207,18.9,25.8,LOW,"{'visual_stress': 0.0, 'audio_stress': 15.0, 'emotion_instability': 5.2, 'eye_avoidance': 0.0, 'head_movement': 1.4}",Stable emotional condition,"{'visual': 0.638, 'audio': 0.362}",False,neutral,2026-07-08 21:09:22
neutral,0.66,happy,neutral,LOW,LOW,LOW,LOW,FOCUSED,0.89,0.147,FLUCTUATING,6,2.75,CENTER,1.0,0,0.318,"{'yaw': -0.71, 'pitch': 4.68, 'roll': -0.08}",fear,0.34,MEDIUM,0.46,0.0177,0.5,0.0,0.4774,4.365,0.5226,0.1185,False,LOW,0.21,18.9,24.1,LOW,"{'visual_stress': 0.0, 'audio_stress': 15.0, 'emotion_instability': 5.2, 'eye_avoidance': 0.0, 'head_movement': 1.4}",Stable emotional condition,"{'visual': 0.552, 'audio': 0.448}",False,neutral,2026-07-08 21:09:22
neutral,0.66,happy,neutral,LOW,LOW,LOW,LOW,FOCUSED,1.0,0.142,STABLE,6,2.79,CENTER,1.0,0,0.308,"{'yaw': -1.02, 'pitch': 3.71, 'roll': -0.11}",fear,0.34,MEDIUM,0.46,0.0177,0.5,0.0,0.4774,4.365,0.5226,0.1185,False,LOW,0.214,18.9,23.1,LOW,"{'visual_stress': 0.0, 'audio_stress': 15.0, 'emotion_instability': 5.2, 'eye_avoidance': 0.0, 'head_movement': 1.4}",Stable emotional condition,"{'visual': 0.545, 'audio': 0.455}",False,neutral,2026-07-08 21:09:23
fear,0.82,sad,fear,MEDIUM,MEDIUM,MEDIUM,MEDIUM,FOCUSED,0.88,0.31,STABLE,6,2.79,CENTER,1.0,0,0.305,"{'yaw': -1.03, 'pitch': 3.57, 'roll': -0.13}",fear,0.34,MEDIUM,0.46,0.0177,0.5,0.0,0.4774,4.365,0.5226,0.1185,True,MEDIUM,0.5,45.9,29.7,LOW,"{'visual_stress': 17.5, 'audio_stress': 15.0, 'emotion_instability': 5.7, 'eye_avoidance': 0.0, 'head_movement': 1.4}",Negative emotional state,"{'visual': 0.595, 'audio': 0.405}",False,fear,2026-07-08 21:09:24
fear,0.82,sad,fear,MEDIUM,MEDIUM,MEDIUM,MEDIUM,FOCUSED,0.73,0.296,STABLE,6,3.24,CENTER,1.0,0,0.271,"{'yaw': -1.33, 'pitch': -1.75, 'roll': -0.07}",fear,0.34,MEDIUM,0.46,0.0177,0.5,0.0,0.4774,4.365,0.5226,0.1185,True,MEDIUM,0.5,46.1,33.5,LOW,"{'visual_stress': 17.5, 'audio_stress': 15.0, 'emotion_instability': 5.2, 'eye_avoidance': 0.0, 'head_movement': 1.6}",Negative emotional state,"{'visual': 0.567, 'audio': 0.433}",False,fear,2026-07-08 21:09:24
neutral,0.46,sad,neutral,LOW,LOW,LOW,LOW,FOCUSED,0.68,0.119,STABLE,7,3.24,CENTER,1.0,0,0.331,"{'yaw': -1.14, 'pitch': 4.52, 'roll': -0.1}",fear,0.34,MEDIUM,0.46,0.0177,0.5,0.0,0.4774,4.365,0.5226,0.1185,False,LOW,0.205,31.5,28.8,LOW,"{'visual_stress': 0.0, 'audio_stress': 15.0, 'emotion_instability': 5.2, 'eye_avoidance': 0.0, 'head_movement': 1.6}",Negative emotional state,"{'visual': 0.472, 'audio': 0.528}",False,fear,2026-07-08 21:09:25
neutral,0.46,sad,neutral,LOW,LOW,LOW,LOW,FOCUSED,0.75,0.16,STABLE,7,3.27,CENTER,1.0,0,0.344,"{'yaw': -0.74, 'pitch': 3.47, 'roll': -0.09}",fear,0.4066666666666667,MEDIUM,0.4233,0.0253,0.561,0.0,0.1558,2.6862,0.8442,0.0663,False,LOW,0.204,31.5,26.0,LOW,"{'visual_stress': 0.0, 'audio_stress': 15.0, 'emotion_instability': 5.2, 'eye_avoidance': 0.0, 'head_movement': 1.6}",Negative emotional state,"{'visual': 0.41, 'audio': 0.59}",False,fear,2026-07-08 21:09:26
fear,0.46,sad,fear,MEDIUM,MEDIUM,MEDIUM,MEDIUM,FOCUSED,0.57,0.291,STABLE,8,3.34,CENTER,1.0,0,0.336,"{'yaw': -0.46, 'pitch': 2.89, 'roll': -0.1}",fear,0.4066666666666667,MEDIUM,0.4233,0.0253,0.561,0.0,0.1558,2.6862,0.8442,0.0663,True,MEDIUM,0.5,46.8,31.4,LOW,"{'visual_stress': 17.5, 'audio_stress': 15.0, 'emotion_instability': 5.2, 'eye_avoidance': 0.0, 'head_movement': 1.7}",Negative emotional state,"{'visual': 0.404, 'audio': 0.596}",False,fear,2026-07-08 21:09:27
fear,0.46,sad,fear,MEDIUM,MEDIUM,MEDIUM,MEDIUM,FOCUSED,0.65,0.291,STABLE,8,3.37,CENTER,1.0,0,0.336,"{'yaw': -0.57, 'pitch': 2.85, 'roll': -0.1}",fear,0.4066666666666667,MEDIUM,0.4233,0.0253,0.561,0.0,0.1558,2.6862,0.8442,0.0663,True,MEDIUM,0.5,46.9,34.6,LOW,"{'visual_stress': 17.5, 'audio_stress': 15.0, 'emotion_instability': 5.2, 'eye_avoidance': 0.0, 'head_movement': 1.7}",Negative emotional state,"{'visual': 0.404, 'audio': 0.596}",False,fear,2026-07-08 21:09:27
fear,0.5,sad,fear,MEDIUM,MEDIUM,MEDIUM,MEDIUM,FOCUSED,0.72,0.298,STABLE,8,3.38,CENTER,1.0,0,0.335,"{'yaw': -0.7, 'pitch': 2.48, 'roll': -0.1}",fear,0.4066666666666667,MEDIUM,0.4233,0.0253,0.561,0.0,0.1558,2.6862,0.8442,0.0663,True,MEDIUM,0.5,46.9,36.5,LOW,"{'visual_stress': 17.5, 'audio_stress': 15.0, 'emotion_instability': 5.2, 'eye_avoidance': 0.0, 'head_movement': 1.7}",Negative emotional state,"{'visual': 0.423, 'audio': 0.577}",False,fear,2026-07-08 21:09:28
fear,0.5,angry,fear,MEDIUM,MEDIUM,MEDIUM,MEDIUM,FOCUSED,0.65,0.297,STABLE,8,3.33,CENTER,1.0,0,0.333,"{'yaw': -0.82, 'pitch': 2.71, 'roll': -0.15}",fear,0.4066666666666667,MEDIUM,0.4233,0.0253,0.561,0.0,0.1558,2.6862,0.8442,0.0663,True,MEDIUM,0.5,46.8,37.5,LOW,"{'visual_stress': 17.5, 'audio_stress': 15.0, 'emotion_instability': 4.7, 'eye_avoidance': 0.0, 'head_movement': 1.7}",Negative emotional state,"{'visual': 0.422, 'audio': 0.578}",False,fear,2026-07-08 21:09:28
neutral,0.48,angry,neutral,LOW,LOW,LOW,LOW,FOCUSED,0.85,0.16,STABLE,8,3.22,CENTER,1.0,0,0.334,"{'yaw': -0.8, 'pitch': 3.23, 'roll': -0.16}",fear,0.4066666666666667,MEDIUM,0.4233,0.0253,0.561,0.0,0.1558,2.6862,0.8442,0.0663,False,LOW,0.208,31.8,31.0,LOW,"{'visual_stress': 0.0, 'audio_stress': 15.0, 'emotion_instability': 4.7, 'eye_avoidance': 0.0, 'head_movement': 1.6}",Negative emotional state,"{'visual': 0.413, 'audio': 0.587}",False,fear,2026-07-08 21:09:29
neutral,0.48,angry,neutral,LOW,LOW,LOW,LOW,FOCUSED,0.68,0.16,STABLE,8,3.15,CENTER,1.0,0,0.386,"{'yaw': -0.78, 'pitch': 6.93, 'roll': 0.04}",fear,0.4066666666666667,MEDIUM,0.4233,0.0253,0.561,0.0,0.1558,2.6862,0.8442,0.0663,False,LOW,0.19,31.7,27.1,LOW,"{'visual_stress': 0.0, 'audio_stress': 15.0, 'emotion_instability': 4.7, 'eye_avoidance': 0.0, 'head_movement': 1.6}",Negative emotional state,"{'visual': 0.448, 'audio': 0.552}",False,fear,2026-07-08 21:09:30
fear,0.43,angry,fear,MEDIUM,MEDIUM,MEDIUM,MEDIUM,FOCUSED,0.59,0.293,STABLE,9,3.06,CENTER,1.0,0,0.369,"{'yaw': -1.07, 'pitch': 6.97, 'roll': 0.05}",fear,0.4066666666666667,MEDIUM,0.4233,0.0253,0.561,0.0,0.1558,2.6862,0.8442,0.0663,True,MEDIUM,0.5,47.0,31.8,LOW,"{'visual_stress': 17.5, 'audio_stress': 15.0, 'emotion_instability': 4.7, 'eye_avoidance': 0.0, 'head_movement': 1.5}",Negative emotional state,"{'visual': 0.41, 'audio': 0.59}",False,fear,2026-07-08 21:09:31
fear,0.43,angry,fear,MEDIUM,MEDIUM,MEDIUM,MEDIUM,FOCUSED,0.69,0.28,STABLE,9,2.97,CENTER,1.0,0,0.308,"{'yaw': -3.0, 'pitch': 2.95, 'roll': -0.1}",fear,0.4066666666666667,MEDIUM,0.4233,0.0253,0.561,0.0,0.1558,2.6862,0.8442,0.0663,True,MEDIUM,0.5,47.0,34.3,LOW,"{'visual_stress': 17.5, 'audio_stress': 15.0, 'emotion_instability': 4.1, 'eye_avoidance': 0.0, 'head_movement': 1.5}",Negative emotional state,"{'visual': 0.367, 'audio': 0.633}",False,fear,2026-07-08 21:09:31
neutral,0.62,angry,neutral,LOW,LOW,LOW,LOW,FOCUSED,0.82,0.16,STABLE,9,2.66,CENTER,1.0,0,0.317,"{'yaw': -0.5, 'pitch': 3.8, 'roll': -0.0}",fear,0.4066666666666667,MEDIUM,0.4233,0.0253,0.561,0.0,0.1558,2.6862,0.8442,0.0663,False,LOW,0.214,31.8,28.7,LOW,"{'visual_stress': 0.0, 'audio_stress': 15.0, 'emotion_instability': 4.1, 'eye_avoidance': 0.0, 'head_movement': 1.3}",Negative emotional state,"{'visual': 0.463, 'audio': 0.537}",False,fear,2026-07-08 21:09:32
neutral,0.62,fearful,neutral,LOW,LOW,LOW,LOW,FOCUSED,0.89,0.133,STABLE,9,2.61,CENTER,1.0,0,0.306,"{'yaw': -0.61, 'pitch': 3.98, 'roll': -0.03}",fear,0.32,MEDIUM,0.42,0.027,0.572,0.0,0.206,3.3577,0.794,0.0682,False,LOW,0.22,19.8,25.4,LOW,"{'visual_stress': 0.0, 'audio_stress': 15.0, 'emotion_instability': 4.1, 'eye_avoidance': 0.0, 'head_movement': 1.3}",Stable emotional condition,"{'visual': 0.509, 'audio': 0.491}",False,neutral,2026-07-08 21:09:33
happy,1.0,fearful,happy,LOW,LOW,LOW,LOW,FOCUSED,0.82,0.214,FLUCTUATING,9,2.51,CENTER,1.0,0,0.306,"{'yaw': -0.78, 'pitch': 4.83, 'roll': -0.07}",fear,0.32,MEDIUM,0.42,0.027,0.572,0.0,0.206,3.3577,0.794,0.0682,False,LOW,0.22,16.8,23.6,LOW,"{'visual_stress': 0.0, 'audio_stress': 15.0, 'emotion_instability': 4.7, 'eye_avoidance': 0.0, 'head_movement': 1.3}",Stable emotional condition,"{'visual': 0.626, 'audio': 0.374}",False,happy,2026-07-08 21:09:34
happy,1.0,fearful,happy,LOW,LOW,LOW,LOW,FOCUSED,0.94,0.254,FLUCTUATING,9,2.67,CENTER,1.0,0,0.363,"{'yaw': 0.08, 'pitch': 8.77, 'roll': 0.08}",fear,0.32,MEDIUM,0.42,0.027,0.572,0.0,0.206,3.3577,0.794,0.0682,False,LOW,0.199,16.8,22.3,LOW,"{'visual_stress': 0.0, 'audio_stress': 15.0, 'emotion_instability': 4.1, 'eye_avoidance': 0.0, 'head_movement': 1.3}",Stable emotional condition,"{'visual': 0.665, 'audio': 0.335}",False,happy,2026-07-08 21:09:34
surprise,0.41,fearful,surprise,LOW,LOW,LOW,LOW,FOCUSED,0.91,0.128,FLUCTUATING,9,2.74,CENTER,1.0,0,0.376,"{'yaw': 0.1, 'pitch': 7.68, 'roll': 0.02}",fear,0.32,MEDIUM,0.42,0.027,0.572,0.0,0.206,3.3577,0.794,0.0682,False,LOW,0.195,31.9,21.8,LOW,"{'visual_stress': 0.0, 'audio_stress': 15.0, 'emotion_instability': 4.7, 'eye_avoidance': 0.0, 'head_movement': 1.4}",Negative emotional state,"{'visual': 0.457, 'audio': 0.543}",False,fear,2026-07-08 21:09:35
surprise,0.41,fearful,surprise,LOW,LOW,LOW,LOW,FOCUSED,0.92,0.128,FLUCTUATING,9,2.84,CENTER,1.0,0,0.334,"{'yaw': 0.44, 'pitch': 7.73, 'roll': 0.06}",fear,0.32,MEDIUM,0.42,0.027,0.572,0.0,0.206,3.3577,0.794,0.0682,False,LOW,0.209,31.9,21.3,LOW,"{'visual_stress': 0.0, 'audio_stress': 15.0, 'emotion_instability': 4.1, 'eye_avoidance': 0.0, 'head_movement': 1.4}",Negative emotional state,"{'visual': 0.428, 'audio': 0.572}",False,fear,2026-07-08 21:09:35
angry,0.4,fearful,angry,MEDIUM,MEDIUM,MEDIUM,MEDIUM,FOCUSED,0.7,0.128,FLUCTUATING,10,2.82,CENTER,1.0,0,0.31,"{'yaw': 0.55, 'pitch': 6.25, 'roll': 0.07}",fear,0.32,MEDIUM,0.42,0.027,0.572,0.0,0.206,3.3577,0.794,0.0682,False,MEDIUM,0.5,47.2,28.0,LOW,"{'visual_stress': 17.5, 'audio_stress': 15.0, 'emotion_instability': 4.1, 'eye_avoidance': 0.0, 'head_movement': 1.4}",Negative emotional state,"{'visual': 0.404, 'audio': 0.596}",False,fear,2026-07-08 21:09:36
angry,0.4,fearful,angry,MEDIUM,MEDIUM,MEDIUM,MEDIUM,FOCUSED,0.71,0.128,FLUCTUATING,10,2.71,CENTER,1.0,0,0.299,"{'yaw': -1.18, 'pitch': 4.13, 'roll': -0.05}",fear,0.32,MEDIUM,0.42,0.027,0.572,0.0,0.206,3.3577,0.794,0.0682,False,MEDIUM,0.5,47.2,31.8,LOW,"{'visual_stress': 17.5, 'audio_stress': 15.0, 'emotion_instability': 3.6, 'eye_avoidance': 0.0, 'head_movement': 1.4}",Negative emotional state,"{'visual': 0.395, 'audio': 0.605}",False,fear,2026-07-08 21:09:37
happy,0.92,fearful,happy,LOW,LOW,LOW,LOW,FOCUSED,0.82,0.198,FLUCTUATING,10,2.71,CENTER,1.0,0,0.307,"{'yaw': -1.19, 'pitch': 4.13, 'roll': -0.07}",fear,0.32,MEDIUM,0.42,0.027,0.572,0.0,0.206,3.3577,0.794,0.0682,False,LOW,0.22,17.2,27.1,LOW,"{'visual_stress': 0.0, 'audio_stress': 15.0, 'emotion_instability': 3.6, 'eye_avoidance': 0.0, 'head_movement': 1.4}",Stable emotional condition,"{'visual': 0.607, 'audio': 0.393}",False,happy,2026-07-08 21:09:38
happy,0.92,disgust,happy,LOW,LOW,LOW,LOW,FOCUSED,0.82,0.204,FLUCTUATING,10,2.73,CENTER,1.0,0,0.316,"{'yaw': 0.19, 'pitch': 3.19, 'roll': -0.06}",fear,0.32,MEDIUM,0.42,0.027,0.572,0.0,0.206,3.3577,0.794,0.0682,False,LOW,0.216,17.2,24.2,LOW,"{'visual_stress': 0.0, 'audio_stress': 15.0, 'emotion_instability': 3.6, 'eye_avoidance': 0.0, 'head_movement': 1.4}",Stable emotional condition,"{'visual': 0.614, 'audio': 0.386}",False,happy,2026-07-08 21:09:38
happy,0.95,disgust,happy,LOW,LOW,LOW,LOW,FOCUSED,0.82,0.206,FLUCTUATING,10,2.74,CENTER,1.0,0,0.31,"{'yaw': -0.47, 'pitch': 2.71, 'roll': -0.06}",fear,0.32,MEDIUM,0.42,0.027,0.572,0.0,0.206,3.3577,0.794,0.0682,False,LOW,0.218,17.2,22.5,LOW,"{'visual_stress': 0.0, 'audio_stress': 15.0, 'emotion_instability': 3.6, 'eye_avoidance': 0.0, 'head_movement': 1.4}",Stable emotional condition,"{'visual': 0.617, 'audio': 0.383}",False,happy,2026-07-08 21:09:39
happy,0.95,surprised,happy,LOW,LOW,LOW,LOW,FOCUSED,0.81,0.209,STABLE,10,2.8,CENTER,1.0,0,0.314,"{'yaw': -2.31, 'pitch': 4.23, 'roll': -0.08}",fear,0.24666666666666667,MEDIUM,0.4233,0.0453,0.662,0.0,0.0452,1.6788,0.9548,0.0337,False,LOW,0.236,17.2,21.3,LOW,"{'visual_stress': 0.0, 'audio_stress': 15.0, 'emotion_instability': 3.1, 'eye_avoidance': 0.0, 'head_movement': 1.4}",Stable emotional condition,"{'visual': 0.646, 'audio': 0.354}",False,happy,2026-07-08 21:09:40
happy,1.0,surprised,happy,LOW,LOW,LOW,LOW,FOCUSED,0.9,0.253,STABLE,10,2.84,CENTER,1.0,0,0.362,"{'yaw': -0.48, 'pitch': 7.6, 'roll': 0.02}",fear,0.24666666666666667,MEDIUM,0.4233,0.0453,0.662,0.0,0.0452,1.6788,0.9548,0.0337,False,LOW,0.218,17.3,20.6,LOW,"{'visual_stress': 0.0, 'audio_stress': 15.0, 'emotion_instability': 3.1, 'eye_avoidance': 0.0, 'head_movement': 1.4}",Stable emotional condition,"{'visual': 0.689, 'audio': 0.311}",False,happy,2026-07-08 21:09:41
happy,1.0,surprised,happy,LOW,LOW,LOW,LOW,FOCUSED,0.81,0.234,STABLE,10,2.98,CENTER,1.0,0,0.335,"{'yaw': -2.31, 'pitch': 7.91, 'roll': -0.06}",fear,0.24666666666666667,MEDIUM,0.4233,0.0453,0.662,0.0,0.0452,1.6788,0.9548,0.0337,False,LOW,0.228,17.3,20.0,LOW,"{'visual_stress': 0.0, 'audio_stress': 15.0, 'emotion_instability': 2.6, 'eye_avoidance': 0.0, 'head_movement': 1.5}",Stable emotional condition,"{'visual': 0.672, 'audio': 0.328}",False,happy,2026-07-08 21:09:41
happy,0.53,surprised,happy,LOW,LOW,LOW,LOW,FOCUSED,0.77,0.119,STABLE,10,3.04,CENTER,1.0,0,0.32,"{'yaw': -1.14, 'pitch': 7.29, 'roll': -0.04}",fear,0.24666666666666667,MEDIUM,0.4233,0.0453,0.662,0.0,0.0452,1.6788,0.9548,0.0337,False,LOW,0.233,17.4,19.6,LOW,"{'visual_stress': 0.0, 'audio_stress': 15.0, 'emotion_instability': 2.6, 'eye_avoidance': 0.0, 'head_movement': 1.5}",Stable emotional condition,"{'visual': 0.509, 'audio': 0.491}",False,happy,2026-07-08 21:09:42
happy,0.53,surprised,happy,LOW,LOW,LOW,LOW,FOCUSED,0.7,0.114,STABLE,10,3.04,CENTER,1.0,0,0.3,"{'yaw': -1.39, 'pitch': 4.44, 'roll': -0.09}",fear,0.24666666666666667,MEDIUM,0.4233,0.0453,0.662,0.0,0.0452,1.6788,0.9548,0.0337,False,LOW,0.241,32.4,19.6,LOW,"{'visual_stress': 0.0, 'audio_stress': 15.0, 'emotion_instability': 3.1, 'eye_avoidance': 0.0, 'head_movement': 1.5}",Negative emotional state,"{'visual': 0.493, 'audio': 0.507}",False,fear,2026-07-08 21:09:42
neutral,0.97,calm,neutral,LOW,LOW,LOW,LOW,FOCUSED,0.7,0.207,FLUCTUATING,10,3.05,CENTER,1.0,0,0.305,"{'yaw': -1.43, 'pitch': 5.42, 'roll': -0.06}",fear,0.24666666666666667,MEDIUM,0.4233,0.0453,0.662,0.0,0.0452,1.6788,0.9548,0.0337,False,LOW,0.239,20.4,19.8,LOW,"{'visual_stress': 0.0, 'audio_stress': 15.0, 'emotion_instability': 3.6, 'eye_avoidance': 0.0, 'head_movement': 1.5}",Stable emotional condition,"{'visual': 0.644, 'audio': 0.356}",False,neutral,2026-07-08 21:09:43
neutral,0.97,calm,neutral,LOW,LOW,LOW,LOW,FOCUSED,0.7,0.204,FLUCTUATING,11,3.05,CENTER,1.0,0,0.3,"{'yaw': -0.16, 'pitch': 4.25, 'roll': -0.09}",fear,0.24666666666666667,MEDIUM,0.4233,0.0453,0.662,0.0,0.0452,1.6788,0.9548,0.0337,False,LOW,0.241,20.7,19.7,LOW,"{'visual_stress': 0.0, 'audio_stress': 15.0, 'emotion_instability': 3.1, 'eye_avoidance': 0.0, 'head_movement': 1.5}",Stable emotional condition,"{'visual': 0.641, 'audio': 0.359}",False,neutral,2026-07-08 21:09:44
neutral,1.0,calm,neutral,LOW,LOW,LOW,LOW,FOCUSED,0.69,0.217,FLUCTUATING,11,3.07,CENTER,1.0,0,0.31,"{'yaw': 0.41, 'pitch': 4.8, 'roll': -0.05}",fear,0.24666666666666667,MEDIUM,0.4233,0.0453,0.662,0.0,0.0452,1.6788,0.9548,0.0337,False,LOW,0.237,20.7,19.7,LOW,"{'visual_stress': 0.0, 'audio_stress': 15.0, 'emotion_instability': 3.1, 'eye_avoidance': 0.0, 'head_movement': 1.5}",Stable emotional condition,"{'visual': 0.655, 'audio': 0.345}",False,neutral,2026-07-08 21:09:44
neutral,1.0,calm,neutral,LOW,LOW,LOW,LOW,FOCUSED,0.82,0.216,FLUCTUATING,11,2.74,CENTER,1.0,0,0.309,"{'yaw': 0.26, 'pitch': 3.95, 'roll': -0.01}",fear,0.24666666666666667,MEDIUM,0.4233,0.0453,0.662,0.0,0.0452,1.6788,0.9548,0.0337,False,LOW,0.238,20.5,19.6,LOW,"{'visual_stress': 0.0, 'audio_stress': 15.0, 'emotion_instability': 3.1, 'eye_avoidance': 0.0, 'head_movement': 1.4}",Stable emotional condition,"{'visual': 0.654, 'audio': 0.346}",False,neutral,2026-07-08 21:09:45
happy,0.7,calm,happy,LOW,LOW,LOW,LOW,FOCUSED,0.81,0.161,FLUCTUATING,11,2.76,CENTER,1.0,0,0.328,"{'yaw': -0.42, 'pitch': 6.57, 'roll': 0.03}",fear,0.24666666666666667,MEDIUM,0.4233,0.0453,0.662,0.0,0.0452,1.6788,0.9548,0.0337,False,LOW,0.23,17.5,19.8,LOW,"{'visual_stress': 0.0, 'audio_stress': 15.0, 'emotion_instability': 3.6, 'eye_avoidance': 0.0, 'head_movement': 1.4}",Stable emotional condition,"{'visual': 0.584, 'audio': 0.416}",False,happy,2026-07-08 21:09:45
happy,0.7,calm,happy,LOW,LOW,LOW,LOW,FOCUSED,0.82,0.154,FLUCTUATING,11,2.74,CENTER,1.0,0,0.315,"{'yaw': -0.5, 'pitch': 5.07, 'roll': -0.03}",fear,0.3333333333333333,MEDIUM,0.4167,0.0278,0.577,0.0,0.1658,3.6935,0.8342,0.0494,False,LOW,0.216,17.5,19.9,LOW,"{'visual_stress': 0.0, 'audio_stress': 15.0, 'emotion_instability': 3.6, 'eye_avoidance': 0.0, 'head_movement': 1.4}",Stable emotional condition,"{'visual': 0.534, 'audio': 0.466}",False,happy,2026-07-08 21:09:47
neutral,0.55,calm,neutral,LOW,LOW,LOW,LOW,FOCUSED,0.82,0.135,FLUCTUATING,11,2.71,CENTER,1.0,0,0.323,"{'yaw': -1.38, 'pitch': 5.2, 'roll': -0.07}",fear,0.3333333333333333,MEDIUM,0.4167,0.0278,0.577,0.0,0.1658,3.6935,0.8342,0.0494,False,LOW,0.213,32.5,20.1,LOW,"{'visual_stress': 0.0, 'audio_stress': 15.0, 'emotion_instability': 4.1, 'eye_avoidance': 0.0, 'head_movement': 1.4}",Negative emotional state,"{'visual': 0.48, 'audio': 0.52}",False,fear,2026-07-08 21:09:47
neutral,0.55,calm,neutral,LOW,LOW,LOW,LOW,FOCUSED,0.82,0.135,FLUCTUATING,11,2.73,CENTER,1.0,0,0.326,"{'yaw': -2.36, 'pitch': 6.48, 'roll': -0.05}",fear,0.3333333333333333,MEDIUM,0.4167,0.0278,0.577,0.0,0.1658,3.6935,0.8342,0.0494,False,LOW,0.212,32.5,20.3,LOW,"{'visual_stress': 0.0, 'audio_stress': 15.0, 'emotion_instability': 4.1, 'eye_avoidance': 0.0, 'head_movement': 1.4}",Negative emotional state,"{'visual': 0.482, 'audio': 0.518}",False,fear,2026-07-08 21:09:48
happy,1.0,calm,happy,LOW,LOW,LOW,LOW,FOCUSED,0.78,0.248,FLUCTUATING,11,2.86,CENTER,1.0,0,0.354,"{'yaw': -3.76, 'pitch': 7.8, 'roll': 0.04}",fear,0.3333333333333333,MEDIUM,0.4167,0.0278,0.577,0.0,0.1658,3.6935,0.8342,0.0494,False,LOW,0.202,17.6,20.6,LOW,"{'visual_stress': 0.0, 'audio_stress': 15.0, 'emotion_instability': 4.7, 'eye_avoidance': 0.0, 'head_movement': 1.4}",Stable emotional condition,"{'visual': 0.648, 'audio': 0.352}",False,happy,2026-07-08 21:09:49
happy,1.0,calm,happy,LOW,LOW,LOW,LOW,FOCUSED,0.8,0.201,FLUCTUATING,11,2.81,CENTER,1.0,0,0.287,"{'yaw': -1.95, 'pitch': 6.07, 'roll': -0.07}",fear,0.3333333333333333,MEDIUM,0.4167,0.0278,0.577,0.0,0.1658,3.6935,0.8342,0.0494,False,LOW,0.228,17.6,20.8,LOW,"{'visual_stress': 0.0, 'audio_stress': 15.0, 'emotion_instability': 4.7, 'eye_avoidance': 0.0, 'head_movement': 1.4}",Stable emotional condition,"{'visual': 0.599, 'audio': 0.401}",False,happy,2026-07-08 21:09:49
happy,0.95,calm,happy,LOW,LOW,LOW,LOW,FOCUSED,0.81,0.184,FLUCTUATING,11,2.78,CENTER,1.0,0,0.276,"{'yaw': -2.2, 'pitch': 5.5, 'roll': -0.1}",fear,0.3333333333333333,MEDIUM,0.4167,0.0278,0.577,0.0,0.1658,3.6935,0.8342,0.0494,False,LOW,0.233,17.6,20.9,LOW,"{'visual_stress': 0.0, 'audio_stress': 15.0, 'emotion_instability': 4.7, 'eye_avoidance': 0.0, 'head_movement': 1.4}",Stable emotional condition,"{'visual': 0.577, 'audio': 0.423}",False,happy,2026-07-08 21:09:50
happy,0.95,calm,happy,LOW,LOW,LOW,LOW,FOCUSED,0.8,0.191,FLUCTUATING,11,2.82,CENTER,1.0,0,0.287,"{'yaw': -1.64, 'pitch': 3.24, 'roll': -0.1}",fear,0.3333333333333333,MEDIUM,0.4167,0.0278,0.577,0.0,0.1658,3.6935,0.8342,0.0494,False,LOW,0.228,17.6,21.0,LOW,"{'visual_stress': 0.0, 'audio_stress': 15.0, 'emotion_instability': 4.7, 'eye_avoidance': 0.0, 'head_movement': 1.4}",Stable emotional condition,"{'visual': 0.586, 'audio': 0.414}",False,happy,2026-07-08 21:09:50
neutral,0.9,happy,neutral,LOW,LOW,LOW,LOW,FOCUSED,0.78,0.184,FLUCTUATING,11,2.89,CENTER,1.0,0,0.292,"{'yaw': -1.17, 'pitch': 2.14, 'roll': -0.07}",fear,0.3333333333333333,MEDIUM,0.4167,0.0278,0.577,0.0,0.1658,3.6935,0.8342,0.0494,False,LOW,0.226,20.6,21.2,LOW,"{'visual_stress': 0.0, 'audio_stress': 15.0, 'emotion_instability': 5.2, 'eye_avoidance': 0.0, 'head_movement': 1.4}",Stable emotional condition,"{'visual': 0.577, 'audio': 0.423}",False,neutral,2026-07-08 21:09:51
neutral,0.9,happy,neutral,LOW,LOW,LOW,LOW,FOCUSED,0.81,0.203,FLUCTUATING,11,2.8,CENTER,1.0,0,0.322,"{'yaw': -1.68, 'pitch': 6.82, 'roll': -0.06}",fear,0.3333333333333333,MEDIUM,0.4167,0.0278,0.577,0.0,0.1658,3.6935,0.8342,0.0494,False,LOW,0.214,20.6,21.4,LOW,"{'visual_stress': 0.0, 'audio_stress': 15.0, 'emotion_instability': 5.2, 'eye_avoidance': 0.0, 'head_movement': 1.4}",Stable emotional condition,"{'visual': 0.601, 'audio': 0.399}",False,neutral,2026-07-08 21:09:52
neutral,0.68,happy,neutral,LOW,LOW,LOW,LOW,FOCUSED,0.8,0.142,FLUCTUATING,11,2.81,CENTER,1.0,0,0.298,"{'yaw': -1.62, 'pitch': 3.39, 'roll': -0.1}",fear,0.3333333333333333,MEDIUM,0.4167,0.0278,0.577,0.0,0.1658,3.6935,0.8342,0.0494,False,LOW,0.223,20.6,21.3,LOW,"{'visual_stress': 0.0, 'audio_stress': 15.0, 'emotion_instability': 4.7, 'eye_avoidance': 0.0, 'head_movement': 1.4}",Stable emotional condition,"{'visual': 0.513, 'audio': 0.487}",False,neutral,2026-07-08 21:09:52
neutral,0.68,happy,neutral,LOW,LOW,LOW,LOW,FOCUSED,0.81,0.179,FLUCTUATING,11,2.79,CENTER,1.0,0,0.317,"{'yaw': -1.36, 'pitch': 5.43, 'roll': -0.07}",fear,0.36666666666666664,MEDIUM,0.4367,0.055,0.696,0.0,0.2814,3.6935,0.7186,0.0838,False,LOW,0.245,32.6,21.2,LOW,"{'visual_stress': 0.0, 'audio_stress': 15.0, 'emotion_instability': 4.7, 'eye_avoidance': 0.0, 'head_movement': 1.4}",Negative emotional state,"{'visual': 0.458, 'audio': 0.542}",False,fear,2026-07-08 21:09:53
happy,1.0,happy,happy,LOW,LOW,LOW,LOW,FOCUSED,0.88,0.22,FLUCTUATING,11,2.79,CENTER,1.0,0,0.315,"{'yaw': -0.87, 'pitch': 5.63, 'roll': -0.05}",fear,0.36666666666666664,MEDIUM,0.4367,0.055,0.696,0.0,0.2814,3.6935,0.7186,0.0838,False,LOW,0.246,17.6,21.4,LOW,"{'visual_stress': 0.0, 'audio_stress': 15.0, 'emotion_instability': 5.2, 'eye_avoidance': 0.0, 'head_movement': 1.4}",Stable emotional condition,"{'visual': 0.552, 'audio': 0.448}",False,happy,2026-07-08 21:09:54
happy,1.0,sad,happy,LOW,LOW,LOW,LOW,FOCUSED,1.0,0.231,FLUCTUATING,11,2.67,CENTER,1.0,0,0.33,"{'yaw': -0.49, 'pitch': 6.73, 'roll': -0.07}",fear,0.36666666666666664,MEDIUM,0.4367,0.055,0.696,0.0,0.2814,3.6935,0.7186,0.0838,False,LOW,0.24,17.5,21.2,LOW,"{'visual_stress': 0.0, 'audio_stress': 15.0, 'emotion_instability': 4.7, 'eye_avoidance': 0.0, 'head_movement': 1.3}",Stable emotional condition,"{'visual': 0.564, 'audio': 0.436}",False,happy,2026-07-08 21:09:55
happy,0.99,sad,happy,LOW,LOW,LOW,LOW,FOCUSED,0.91,0.247,FLUCTUATING,11,2.79,CENTER,1.0,0,0.356,"{'yaw': 0.03, 'pitch': 9.54, 'roll': 0.08}",fear,0.36666666666666664,MEDIUM,0.4367,0.055,0.696,0.0,0.2814,3.6935,0.7186,0.0838,False,LOW,0.23,17.6,21.2,LOW,"{'visual_stress': 0.0, 'audio_stress': 15.0, 'emotion_instability': 4.7, 'eye_avoidance': 0.0, 'head_movement': 1.4}",Stable emotional condition,"{'visual': 0.58, 'audio': 0.42}",False,happy,2026-07-08 21:09:56
happy,0.99,sad,happy,LOW,LOW,LOW,LOW,FOCUSED,1.0,0.226,FLUCTUATING,11,2.74,CENTER,1.0,0,0.326,"{'yaw': -0.79, 'pitch': 7.36, 'roll': 0.06}",fear,0.36666666666666664,MEDIUM,0.4367,0.055,0.696,0.0,0.2814,3.6935,0.7186,0.0838,False,LOW,0.241,17.5,21.1,LOW,"{'visual_stress': 0.0, 'audio_stress': 15.0, 'emotion_instability': 4.7, 'eye_avoidance': 0.0, 'head_movement': 1.4}",Stable emotional condition,"{'visual': 0.558, 'audio': 0.442}",False,happy,2026-07-08 21:09:56
surprise,0.67,sad,surprise,LOW,LOW,LOW,LOW,FOCUSED,0.98,0.179,FLUCTUATING,11,2.84,CENTER,1.0,0,0.329,"{'yaw': -0.9, 'pitch': 9.62, 'roll': 0.04}",fear,0.36666666666666664,MEDIUM,0.4367,0.055,0.696,0.0,0.2814,3.6935,0.7186,0.0838,False,LOW,0.24,32.6,21.3,LOW,"{'visual_stress': 0.0, 'audio_stress': 15.0, 'emotion_instability': 5.2, 'eye_avoidance': 0.0, 'head_movement': 1.4}",Negative emotional state,"{'visual': 0.463, 'audio': 0.537}",False,fear,2026-07-08 21:09:57
surprise,0.67,angry,surprise,LOW,LOW,LOW,LOW,FOCUSED,0.8,0.179,FLUCTUATING,11,2.84,CENTER,1.0,0,0.266,"{'yaw': -0.78, 'pitch': 4.26, 'roll': -0.07}",fear,0.36666666666666664,MEDIUM,0.4367,0.055,0.696,0.0,0.2814,3.6935,0.7186,0.0838,False,LOW,0.267,32.6,21.2,LOW,"{'visual_stress': 0.0, 'audio_stress': 15.0, 'emotion_instability': 4.7, 'eye_avoidance': 0.0, 'head_movement': 1.4}",Negative emotional state,"{'visual': 0.411, 'audio': 0.589}",False,fear,2026-07-08 21:09:57
neutral,0.99,fearful,neutral,LOW,LOW,LOW,LOW,FOCUSED,0.8,0.185,FLUCTUATING,11,2.83,CENTER,1.0,0,0.267,"{'yaw': -0.75, 'pitch': 6.22, 'roll': -0.0}",fear,0.36666666666666664,MEDIUM,0.4367,0.055,0.696,0.0,0.2814,3.6935,0.7186,0.0838,False,LOW,0.266,20.6,21.4,LOW,"{'visual_stress': 0.0, 'audio_stress': 15.0, 'emotion_instability': 5.2, 'eye_avoidance': 0.0, 'head_movement': 1.4}",Stable emotional condition,"{'visual': 0.509, 'audio': 0.491}",False,neutral,2026-07-08 21:09:58
neutral,0.99,fearful,neutral,LOW,LOW,LOW,LOW,FOCUSED,0.82,0.193,FLUCTUATING,11,2.74,CENTER,1.0,0,0.278,"{'yaw': -0.8, 'pitch': 5.7, 'roll': -0.05}",fear,0.36666666666666664,MEDIUM,0.4367,0.055,0.696,0.0,0.2814,3.6935,0.7186,0.0838,False,LOW,0.261,20.5,21.5,LOW,"{'visual_stress': 0.0, 'audio_stress': 15.0, 'emotion_instability': 5.2, 'eye_avoidance': 0.0, 'head_movement': 1.4}",Stable emotional condition,"{'visual': 0.519, 'audio': 0.481}",False,neutral,2026-07-08 21:09:59
happy,1.0,fearful,happy,LOW,LOW,LOW,LOW,FOCUSED,0.82,0.208,FLUCTUATING,11,2.65,CENTER,1.0,0,0.297,"{'yaw': -0.64, 'pitch': 5.3, 'roll': -0.03}",fear,0.36666666666666664,MEDIUM,0.4367,0.055,0.696,0.0,0.2814,3.6935,0.7186,0.0838,False,LOW,0.253,17.5,21.7,LOW,"{'visual_stress': 0.0, 'audio_stress': 15.0, 'emotion_instability': 5.7, 'eye_avoidance': 0.0, 'head_movement': 1.3}",Stable emotional condition,"{'visual': 0.538, 'audio': 0.462}",False,happy,2026-07-08 21:09:59
happy,1.0,fearful,happy,MEDIUM,LOW,LOW,LOW,FOCUSED,0.82,0.21,FLUCTUATING,12,2.61,CENTER,1.0,0,0.3,"{'yaw': -1.4, 'pitch': 5.07, 'roll': -0.09}",fear,0.3933333333333333,HIGH,0.3533,0.0523,0.687,0.0,0.2111,3.6935,0.7889,0.0629,False,MEDIUM,0.447,30.3,27.8,LOW,"{'visual_stress': 0.0, 'audio_stress': 30.0, 'emotion_instability': 5.7, 'eye_avoidance': 0.0, 'head_movement': 1.3}",Stable emotional condition,"{'visual': 0.526, 'audio': 0.474}",False,happy,2026-07-08 21:10:01
neutral,0.93,fearful,neutral,MEDIUM,LOW,LOW,LOW,FOCUSED,0.82,0.212,FLUCTUATING,12,2.57,CENTER,1.0,0,0.326,"{'yaw': -0.97, 'pitch': 6.29, 'roll': -0.04}",fear,0.3933333333333333,HIGH,0.3533,0.0523,0.687,0.0,0.2111,3.6935,0.7889,0.0629,False,MEDIUM,0.427,33.3,31.7,LOW,"{'visual_stress': 0.0, 'audio_stress': 30.0, 'emotion_instability': 6.2, 'eye_avoidance': 0.0, 'head_movement': 1.3}",Stable emotional condition,"{'visual': 0.529, 'audio': 0.471}",False,neutral,2026-07-08 21:10:01
neutral,0.93,disgust,neutral,MEDIUM,LOW,LOW,LOW,FOCUSED,0.91,0.191,FLUCTUATING,12,2.52,CENTER,1.0,0,0.294,"{'yaw': -0.75, 'pitch': 4.07, 'roll': -0.09}",fear,0.3933333333333333,HIGH,0.3533,0.0523,0.687,0.0,0.2111,3.6935,0.7889,0.0629,False,MEDIUM,0.452,33.3,34.0,LOW,"{'visual_stress': 0.0, 'audio_stress': 30.0, 'emotion_instability': 6.2, 'eye_avoidance': 0.0, 'head_movement': 1.3}",Stable emotional condition,"{'visual': 0.503, 'audio': 0.497}",False,neutral,2026-07-08 21:10:02
happy,0.99,disgust,happy,MEDIUM,LOW,LOW,LOW,FOCUSED,0.81,0.216,FLUCTUATING,13,2.5,CENTER,1.0,0,0.312,"{'yaw': -1.2, 'pitch': 4.83, 'roll': -0.06}",fear,0.3933333333333333,HIGH,0.3533,0.0523,0.687,0.0,0.2111,3.6935,0.7889,0.0629,False,MEDIUM,0.438,30.6,35.4,LOW,"{'visual_stress': 0.0, 'audio_stress': 30.0, 'emotion_instability': 6.2, 'eye_avoidance': 0.0, 'head_movement': 1.2}",Stable emotional condition,"{'visual': 0.533, 'audio': 0.467}",False,happy,2026-07-08 21:10:02
happy,0.99,disgust,happy,MEDIUM,LOW,LOW,LOW,FOCUSED,0.81,0.227,FLUCTUATING,13,2.51,CENTER,1.0,0,0.328,"{'yaw': -0.49, 'pitch': 4.17, 'roll': 0.01}",fear,0.3933333333333333,HIGH,0.3533,0.0523,0.687,0.0,0.2111,3.6935,0.7889,0.0629,False,MEDIUM,0.425,30.6,36.0,LOW,"{'visual_stress': 0.0, 'audio_stress': 30.0, 'emotion_instability': 5.7, 'eye_avoidance': 0.0, 'head_movement': 1.3}",Stable emotional condition,"{'visual': 0.546, 'audio': 0.454}",False,happy,2026-07-08 21:10:03
happy,0.52,disgust,happy,MEDIUM,LOW,MEDIUM,MEDIUM,FOCUSED,0.81,0.189,FLUCTUATING,13,2.52,CENTER,1.0,0,0.343,"{'yaw': -0.29, 'pitch': 5.49, 'roll': 0.07}",fear,0.3933333333333333,HIGH,0.3533,0.0523,0.687,0.0,0.2111,3.6935,0.7889,0.0629,False,MEDIUM,0.414,45.6,36.6,LOW,"{'visual_stress': 0.0, 'audio_stress': 30.0, 'emotion_instability': 6.2, 'eye_avoidance': 0.0, 'head_movement': 1.3}",Negative emotional state,"{'visual': 0.398, 'audio': 0.602}",False,fear,2026-07-08 21:10:04
happy,0.52,surprised,happy,MEDIUM,LOW,MEDIUM,MEDIUM,FOCUSED,0.81,0.189,FLUCTUATING,13,2.51,CENTER,1.0,0,0.315,"{'yaw': -0.62, 'pitch': 4.17, 'roll': 0.01}",fear,0.3933333333333333,HIGH,0.3533,0.0523,0.687,0.0,0.2111,3.6935,0.7889,0.0629,False,MEDIUM,0.435,45.6,37.0,LOW,"{'visual_stress': 0.0, 'audio_stress': 30.0, 'emotion_instability': 6.2, 'eye_avoidance': 0.0, 'head_movement': 1.3}",Negative emotional state,"{'visual': 0.377, 'audio': 0.623}",False,fear,2026-07-08 21:10:04
happy,0.87,calm,happy,MEDIUM,LOW,MEDIUM,MEDIUM,FOCUSED,0.81,0.189,FLUCTUATING,13,2.49,CENTER,1.0,0,0.306,"{'yaw': -0.51, 'pitch': 4.23, 'roll': -0.01}",fear,0.3933333333333333,HIGH,0.3533,0.0523,0.687,0.0,0.2111,3.6935,0.7889,0.0629,False,MEDIUM,0.442,45.6,37.1,LOW,"{'visual_stress': 0.0, 'audio_stress': 30.0, 'emotion_instability': 6.2, 'eye_avoidance': 0.0, 'head_movement': 1.2}",Negative emotional state,"{'visual': 0.496, 'audio': 0.504}",False,fear,2026-07-08 21:10:05
happy,0.87,calm,happy,MEDIUM,LOW,MEDIUM,MEDIUM,FOCUSED,0.81,0.189,FLUCTUATING,13,2.46,CENTER,1.0,0,0.299,"{'yaw': -0.23, 'pitch': 4.07, 'roll': -0.05}",fear,0.3933333333333333,HIGH,0.3533,0.0523,0.687,0.0,0.2111,3.6935,0.7889,0.0629,False,MEDIUM,0.448,45.6,37.0,LOW,"{'visual_stress': 0.0, 'audio_stress': 30.0, 'emotion_instability': 5.7, 'eye_avoidance': 0.0, 'head_movement': 1.2}",Negative emotional state,"{'visual': 0.49, 'audio': 0.51}",False,fear,2026-07-08 21:10:05
fear,0.51,happy,fear,HIGH,MEDIUM,HIGH,MEDIUM,FOCUSED,0.71,0.31,FLUCTUATING,13,2.49,CENTER,1.0,0,0.293,"{'yaw': -0.72, 'pitch': 3.31, 'roll': -0.08}",fear,0.3933333333333333,HIGH,0.3533,0.0523,0.687,0.0,0.2111,3.6935,0.7889,0.0629,True,HIGH,0.727,60.6,44.0,MEDIUM,"{'visual_stress': 17.5, 'audio_stress': 30.0, 'emotion_instability': 5.7, 'eye_avoidance': 0.0, 'head_movement': 1.2}",High cognitive stress detected,"{'visual': 0.356, 'audio': 0.644}",False,fear,2026-07-08 21:10:06
fear,0.51,happy,fear,MEDIUM,MEDIUM,MEDIUM,MEDIUM,FOCUSED,0.71,0.282,FLUCTUATING,13,2.55,CENTER,1.0,0,0.315,"{'yaw': 0.69, 'pitch': 6.2, 'roll': 0.01}",fear,0.35,MEDIUM,0.3767,0.0283,0.581,0.0,0.1457,2.6862,0.8543,0.062,True,MEDIUM,0.5,48.1,42.0,MEDIUM,"{'visual_stress': 17.5, 'audio_stress': 15.0, 'emotion_instability': 5.2, 'eye_avoidance': 0.0, 'head_movement': 1.3}",Negative emotional state,"{'visual': 0.441, 'audio': 0.559}",False,fear,2026-07-08 21:10:07
happy,0.29,happy,happy,LOW,LOW,LOW,LOW,FOCUSED,0.93,0.142,FLUCTUATING,13,2.68,CENTER,1.0,0,0.287,"{'yaw': -0.12, 'pitch': 1.99, 'roll': -0.06}",fear,0.35,MEDIUM,0.3767,0.0283,0.581,0.0,0.1457,2.6862,0.8543,0.062,False,LOW,0.216,33.2,33.8,LOW,"{'visual_stress': 0.0, 'audio_stress': 15.0, 'emotion_instability': 5.2, 'eye_avoidance': 0.0, 'head_movement': 1.3}",Negative emotional state,"{'visual': 0.29, 'audio': 0.71}",False,fear,2026-07-08 21:10:08
happy,0.29,happy,happy,LOW,LOW,LOW,LOW,FOCUSED,1.0,0.142,STABLE,13,0,CENTER,1.0,0,0.316,"{'yaw': 0, 'pitch': 0, 'roll': 0}",fear,0.35,MEDIUM,0.3767,0.0283,0.581,0.0,0.1457,2.6862,0.8543,0.062,False,LOW,0.205,31.8,28.2,LOW,"{'visual_stress': 0.0, 'audio_stress': 15.0, 'emotion_instability': 4.7, 'eye_avoidance': 0.0, 'head_movement': 0.0}",Negative emotional state,"{'visual': 0.311, 'audio': 0.689}",False,fear,2026-07-08 21:10:09
fear,0.54,sad,fear,MEDIUM,MEDIUM,MEDIUM,MEDIUM,FOCUSED,0.88,0.29,STABLE,13,2.66,CENTER,1.0,0,0.326,"{'yaw': -0.3, 'pitch': 3.69, 'roll': -0.05}",fear,0.35,MEDIUM,0.3767,0.0283,0.581,0.0,0.1457,2.6862,0.8543,0.062,True,MEDIUM,0.5,48.2,32.3,LOW,"{'visual_stress': 17.5, 'audio_stress': 15.0, 'emotion_instability': 4.7, 'eye_avoidance': 0.0, 'head_movement': 1.3}",Negative emotional state,"{'visual': 0.464, 'audio': 0.536}",False,fear,2026-07-08 21:10:09
fear,0.54,sad,fear,MEDIUM,LOW,LOW,LOW,FOCUSED,1.0,0.232,STABLE,13,0,CENTER,1.0,0,0.111,"{'yaw': 0, 'pitch': 0, 'roll': 0}",fear,0.35,MEDIUM,0.3767,0.0283,0.581,0.0,0.1457,2.6862,0.8543,0.062,True,MEDIUM,0.332,31.8,27.3,LOW,"{'visual_stress': 0.0, 'audio_stress': 15.0, 'emotion_instability': 4.7, 'eye_avoidance': 0.0, 'head_movement': 0.0}",Negative emotional state,"{'visual': 0.228, 'audio': 0.772}",False,fear,2026-07-08 21:10:10
happy,0.42,sad,happy,LOW,LOW,LOW,LOW,FOCUSED,0.82,0.142,STABLE,13,2.98,CENTER,1.0,0,0.146,"{'yaw': 3.27, 'pitch': 0.14, 'roll': -0.04}",fear,0.35,MEDIUM,0.3767,0.0283,0.581,0.0,0.1457,2.6862,0.8543,0.062,False,LOW,0.3,33.3,24.8,LOW,"{'visual_stress': 0.0, 'audio_stress': 15.0, 'emotion_instability': 4.7, 'eye_avoidance': 0.0, 'head_movement': 1.5}",Negative emotional state,"{'visual': 0.232, 'audio': 0.768}",False,fear,2026-07-08 21:10:11
happy,0.42,sad,happy,LOW,LOW,LOW,LOW,FOCUSED,1.0,0.142,STABLE,13,0,CENTER,1.0,0,0.201,"{'yaw': 0, 'pitch': 0, 'roll': 0}",fear,0.35,MEDIUM,0.3767,0.0283,0.581,0.0,0.1457,2.6862,0.8543,0.062,False,LOW,0.261,31.8,22.5,LOW,"{'visual_stress': 0.0, 'audio_stress': 15.0, 'emotion_instability': 4.1, 'eye_avoidance': 0.0, 'head_movement': 0.0}",Negative emotional state,"{'visual': 0.293, 'audio': 0.707}",False,fear,2026-07-08 21:10:11
angry,0.91,sad,angry,LOW,LOW,LOW,LOW,FOCUSED,1.0,0.142,STABLE,13,0,CENTER,1.0,0,0.206,"{'yaw': 0, 'pitch': 0, 'roll': 0}",fear,0.35,MEDIUM,0.3767,0.0283,0.581,0.0,0.1457,2.6862,0.8543,0.062,False,LOW,0.258,31.8,21.2,LOW,"{'visual_stress': 0.0, 'audio_stress': 15.0, 'emotion_instability': 4.1, 'eye_avoidance': 0.0, 'head_movement': 0.0}",Negative emotional state,"{'visual': 0.48, 'audio': 0.52}",False,fear,2026-07-08 21:10:12
