emotion,visual_emotion_confidence,temporal_emotion,final_emotion,stress_level,visual_stress,cognitive_load,deception_risk,visual_cognitive_state,cognitive_confidence,fusion_confidence,temporal_state,blink_count,movement_score,gaze_direction,gaze_stability,gaze_shift_frequency,head_pose,audio_emotion,audio_confidence,audio_stress,audio_stress_confidence,speech_intensity,emotion_agreement,fused_stress,fused_stress_score,fusion_score,risk_score,risk_level,risk_breakdown,cognitive_state,timestamp
fear,0.87,fear,fear,LOW,LOW,LOW,LOW,FOCUSED,0.89,0.87,STABLE,0,0,CENTER,1.0,0,"{'yaw': -2.49, 'pitch': 2.1, 'roll': -0.11}",neutral,0.0,LOW,0.0,0.0,,LOW,0.0,15.0,0.0,LOW,"{'visual_stress': 0.0, 'audio_stress': 0.0, 'emotion_instability': 0.0, 'eye_avoidance': 0.0, 'head_movement': 0.0}",Negative emotional state,2026-07-07 17:56:22
neutral,0.73,neutral,neutral,LOW,LOW,LOW,LOW,FOCUSED,0.89,0.73,STABLE,0,0,CENTER,1.0,0,"{'yaw': -0.43, 'pitch': 2.89, 'roll': -0.14}",neutral,0.0,LOW,0.0,0.0,,LOW,0.0,3.0,6.0,LOW,"{'visual_stress': 0.0, 'audio_stress': 0.0, 'emotion_instability': 15.0, 'eye_avoidance': 0.0, 'head_movement': 0.0}",Stable emotional condition,2026-07-07 17:56:23
fear,0.85,fear,fear,LOW,LOW,LOW,LOW,FOCUSED,0.82,0.85,STABLE,0,0,CENTER,1.0,0,"{'yaw': -2.05, 'pitch': 2.06, 'roll': -0.13}",neutral,0.0,LOW,0.0,0.0,,LOW,0.0,15.0,9.6,LOW,"{'visual_stress': 0.0, 'audio_stress': 0.0, 'emotion_instability': 15.0, 'eye_avoidance': 0.0, 'head_movement': 0.0}",Negative emotional state,2026-07-07 17:56:24
happy,0.48,happy,happy,LOW,LOW,LOW,LOW,FOCUSED,0.94,0.48,STABLE,0,0,CENTER,1.0,0,"{'yaw': -0.93, 'pitch': 3.04, 'roll': -0.14}",neutral,0.0,LOW,0.0,0.0,,LOW,0.0,0.0,11.8,LOW,"{'visual_stress': 0.0, 'audio_stress': 0.0, 'emotion_instability': 15.0, 'eye_avoidance': 0.0, 'head_movement': 0.0}",Stable emotional condition,2026-07-07 17:56:25
happy,0.88,happy,happy,LOW,LOW,LOW,LOW,FOCUSED,0.82,0.88,STABLE,0,1.54,CENTER,1.0,0,"{'yaw': -2.21, 'pitch': 4.06, 'roll': -0.12}",neutral,0.0,LOW,0.0,0.0,,LOW,0.0,0.8,11.9,LOW,"{'visual_stress': 0.0, 'audio_stress': 0.0, 'emotion_instability': 11.2, 'eye_avoidance': 0.0, 'head_movement': 0.8}",Stable emotional condition,2026-07-07 17:56:25
fear,0.86,fear,fear,LOW,LOW,LOW,LOW,FOCUSED,0.91,0.86,STABLE,0,1.53,CENTER,1.0,0,"{'yaw': -0.57, 'pitch': 2.4, 'roll': -0.12}",neutral,0.0,LOW,0.0,0.0,,LOW,0.0,15.8,12.2,LOW,"{'visual_stress': 0.0, 'audio_stress': 0.0, 'emotion_instability': 12.0, 'eye_avoidance': 0.0, 'head_movement': 0.8}",Negative emotional state,2026-07-07 17:56:26
sad,0.98,sad,sad,LOW,LOW,LOW,LOW,FOCUSED,0.82,0.98,STABLE,0,1.74,CENTER,1.0,0,"{'yaw': -0.13, 'pitch': 4.3, 'roll': -0.14}",neutral,0.0,LOW,0.0,0.0,,LOW,0.0,15.9,12.7,LOW,"{'visual_stress': 0.0, 'audio_stress': 0.0, 'emotion_instability': 12.5, 'eye_avoidance': 0.0, 'head_movement': 0.9}",Stable emotional condition,2026-07-07 17:56:27
neutral,0.86,neutral,neutral,LOW,LOW,LOW,LOW,FOCUSED,0.93,0.86,STABLE,1,1.78,CENTER,1.0,0,"{'yaw': -0.9, 'pitch': 4.38, 'roll': -0.19}",neutral,0.0,LOW,0.0,0.0,,LOW,0.0,4.2,13.1,LOW,"{'visual_stress': 0.0, 'audio_stress': 0.0, 'emotion_instability': 12.9, 'eye_avoidance': 0.0, 'head_movement': 0.9}",Stable emotional condition,2026-07-07 17:56:28
fear,0.46,fear,fear,LOW,LOW,LOW,LOW,FOCUSED,1.0,0.46,STABLE,1,1.81,CENTER,1.0,0,"{'yaw': -0.73, 'pitch': 4.64, 'roll': -0.16}",neutral,0.0,LOW,0.0,0.0,,LOW,0.0,16.2,13.5,LOW,"{'visual_stress': 0.0, 'audio_stress': 0.0, 'emotion_instability': 13.1, 'eye_avoidance': 0.0, 'head_movement': 0.9}",Negative emotional state,2026-07-07 17:56:28
neutral,0.93,neutral,neutral,LOW,LOW,LOW,LOW,FOCUSED,0.82,0.651,FLUCTUATING,1,1.94,CENTER,1.0,0,"{'yaw': 0.24, 'pitch': 1.75, 'roll': -0.14}",sad,0.34,medium,0.43,0.0,False,LOW,0.0,4.3,13.8,LOW,"{'visual_stress': 0.0, 'audio_stress': 0.0, 'emotion_instability': 13.3, 'eye_avoidance': 0.0, 'head_movement': 1.0}",Stable emotional condition,2026-07-07 17:56:41
fear,0.56,fear,fear,LOW,LOW,LOW,LOW,FOCUSED,0.94,0.392,FLUCTUATING,2,1.9,CENTER,1.0,0,"{'yaw': -1.71, 'pitch': 2.37, 'roll': -0.17}",sad,0.34,medium,0.43,0.0,False,LOW,0.0,16.6,14.1,LOW,"{'visual_stress': 0.0, 'audio_stress': 0.0, 'emotion_instability': 13.5, 'eye_avoidance': 0.0, 'head_movement': 1.0}",Negative emotional state,2026-07-07 17:56:43
angry,0.85,angry,angry,LOW,LOW,LOW,LOW,FOCUSED,1.0,0.595,UNSTABLE,2,1.84,CENTER,1.0,0,"{'yaw': -1.43, 'pitch': 3.83, 'roll': -0.11}",sad,0.34,medium,0.43,0.0,False,LOW,0.0,16.6,14.3,LOW,"{'visual_stress': 0.0, 'audio_stress': 0.0, 'emotion_instability': 13.6, 'eye_avoidance': 0.0, 'head_movement': 0.9}",Negative emotional state,2026-07-07 17:56:44
neutral,0.8,neutral,neutral,LOW,LOW,LOW,LOW,FOCUSED,0.93,0.56,UNSTABLE,2,1.78,CENTER,1.0,0,"{'yaw': -0.74, 'pitch': 2.85, 'roll': -0.13}",sad,0.34,medium,0.43,0.0,False,LOW,0.0,4.6,14.4,LOW,"{'visual_stress': 0.0, 'audio_stress': 0.0, 'emotion_instability': 13.7, 'eye_avoidance': 0.0, 'head_movement': 0.9}",Stable emotional condition,2026-07-07 17:56:45
fear,0.93,fear,fear,LOW,LOW,LOW,LOW,FOCUSED,1.0,0.651,UNSTABLE,2,2.02,CENTER,1.0,0,"{'yaw': -2.67, 'pitch': 5.63, 'roll': -0.12}",sad,0.34,medium,0.43,0.0,False,LOW,0.0,16.7,14.6,LOW,"{'visual_stress': 0.0, 'audio_stress': 0.0, 'emotion_instability': 13.8, 'eye_avoidance': 0.0, 'head_movement': 1.0}",Negative emotional state,2026-07-07 17:56:45
neutral,1.0,neutral,neutral,LOW,LOW,LOW,LOW,FOCUSED,0.94,0.7,FLUCTUATING,2,2.02,CENTER,1.0,0,"{'yaw': -2.27, 'pitch': 2.4, 'roll': -0.15}",sad,0.34,medium,0.43,0.0,False,LOW,0.0,4.7,14.7,LOW,"{'visual_stress': 0.0, 'audio_stress': 0.0, 'emotion_instability': 13.9, 'eye_avoidance': 0.0, 'head_movement': 1.0}",Stable emotional condition,2026-07-07 17:56:46
neutral,0.8,neutral,neutral,LOW,LOW,LOW,LOW,FOCUSED,0.82,0.56,FLUCTUATING,2,1.96,CENTER,1.0,0,"{'yaw': -0.77, 'pitch': 3.33, 'roll': -0.12}",sad,0.34,medium,0.43,0.0,False,LOW,0.0,4.6,14.4,LOW,"{'visual_stress': 0.0, 'audio_stress': 0.0, 'emotion_instability': 13.0, 'eye_avoidance': 0.0, 'head_movement': 1.0}",Stable emotional condition,2026-07-07 17:56:46
neutral,0.65,neutral,neutral,LOW,LOW,LOW,LOW,FOCUSED,1.0,0.455,FLUCTUATING,3,2.07,CENTER,1.0,0,"{'yaw': 0.85, 'pitch': 4.37, 'roll': -0.14}",sad,0.34,medium,0.43,0.0,False,LOW,0.0,5.0,13.9,LOW,"{'visual_stress': 0.0, 'audio_stress': 0.0, 'emotion_instability': 12.2, 'eye_avoidance': 0.0, 'head_movement': 1.0}",Stable emotional condition,2026-07-07 17:56:47
neutral,1.0,neutral,neutral,LOW,LOW,LOW,LOW,FOCUSED,1.0,0.7,FLUCTUATING,3,2.37,CENTER,1.0,0,"{'yaw': -4.97, 'pitch': 3.84, 'roll': -0.21}",sad,0.34,medium,0.43,0.0,False,LOW,0.0,5.2,13.4,LOW,"{'visual_stress': 0.0, 'audio_stress': 0.0, 'emotion_instability': 11.5, 'eye_avoidance': 0.0, 'head_movement': 1.2}",Stable emotional condition,2026-07-07 17:56:48
fear,0.53,fear,fear,LOW,LOW,LOW,LOW,FOCUSED,1.0,0.371,FLUCTUATING,3,2.33,CENTER,1.0,0,"{'yaw': -0.4, 'pitch': 2.81, 'roll': -0.15}",sad,0.34,medium,0.43,0.0,False,LOW,0.0,17.2,13.2,LOW,"{'visual_stress': 0.0, 'audio_stress': 0.0, 'emotion_instability': 11.7, 'eye_avoidance': 0.0, 'head_movement': 1.2}",Negative emotional state,2026-07-07 17:56:49
fear,0.89,fear,fear,LOW,LOW,LOW,LOW,FOCUSED,0.94,0.623,FLUCTUATING,3,2.31,CENTER,1.0,0,"{'yaw': -2.36, 'pitch': 4.14, 'roll': -0.17}",sad,0.34,medium,0.4533,0.0,False,LOW,0.0,17.2,12.9,LOW,"{'visual_stress': 0.0, 'audio_stress': 0.0, 'emotion_instability': 11.1, 'eye_avoidance': 0.0, 'head_movement': 1.2}",Negative emotional state,2026-07-07 17:56:50
fear,0.94,fear,fear,LOW,LOW,LOW,LOW,FOCUSED,0.93,0.658,FLUCTUATING,3,2.33,CENTER,1.0,0,"{'yaw': -3.17, 'pitch': 3.85, 'roll': -0.21}",sad,0.34,medium,0.4533,0.0,False,LOW,0.0,17.2,12.4,LOW,"{'visual_stress': 0.0, 'audio_stress': 0.0, 'emotion_instability': 10.5, 'eye_avoidance': 0.0, 'head_movement': 1.2}",Negative emotional state,2026-07-07 17:56:51
neutral,0.64,neutral,neutral,LOW,LOW,LOW,LOW,FOCUSED,0.89,0.448,STABLE,3,2.28,CENTER,1.0,0,"{'yaw': -1.18, 'pitch': 3.91, 'roll': -0.11}",sad,0.34,medium,0.4533,0.0,False,LOW,0.0,5.1,12.2,LOW,"{'visual_stress': 0.0, 'audio_stress': 0.0, 'emotion_instability': 10.7, 'eye_avoidance': 0.0, 'head_movement': 1.1}",Stable emotional condition,2026-07-07 17:56:51
fear,0.72,fear,fear,LOW,LOW,LOW,LOW,FOCUSED,1.0,0.504,STABLE,3,2.29,CENTER,1.0,0,"{'yaw': -2.99, 'pitch': 4.25, 'roll': -0.21}",sad,0.34,medium,0.4533,0.0,False,LOW,0.0,17.1,12.1,LOW,"{'visual_stress': 0.0, 'audio_stress': 0.0, 'emotion_instability': 10.9, 'eye_avoidance': 0.0, 'head_movement': 1.1}",Negative emotional state,2026-07-07 17:56:52
neutral,1.0,neutral,neutral,LOW,LOW,LOW,LOW,FOCUSED,0.93,0.7,STABLE,3,2.56,CENTER,1.0,0,"{'yaw': -5.91, 'pitch': 4.68, 'roll': -0.16}",sad,0.34,medium,0.4533,0.0,False,LOW,0.0,5.3,12.2,LOW,"{'visual_stress': 0.0, 'audio_stress': 0.0, 'emotion_instability': 11.1, 'eye_avoidance': 0.0, 'head_movement': 1.3}",Stable emotional condition,2026-07-07 17:56:53
sad,0.87,sad,sad,LOW,LOW,LOW,LOW,FOCUSED,0.82,0.705,FLUCTUATING,3,2.53,CENTER,1.0,0,"{'yaw': -2.21, 'pitch': 2.44, 'roll': -0.13}",sad,0.34,medium,0.4533,0.0,True,LOW,0.0,17.3,12.3,LOW,"{'visual_stress': 0.0, 'audio_stress': 0.0, 'emotion_instability': 11.2, 'eye_avoidance': 0.0, 'head_movement': 1.3}",Stable emotional condition,2026-07-07 17:56:53
neutral,0.98,neutral,neutral,LOW,LOW,LOW,LOW,FOCUSED,0.94,0.686,FLUCTUATING,4,2.5,CENTER,1.0,0,"{'yaw': -0.81, 'pitch': 2.96, 'roll': -0.12}",sad,0.34,medium,0.4533,0.0,False,LOW,0.0,5.6,12.4,LOW,"{'visual_stress': 0.0, 'audio_stress': 0.0, 'emotion_instability': 11.4, 'eye_avoidance': 0.0, 'head_movement': 1.2}",Stable emotional condition,2026-07-07 17:56:54
sad,0.88,sad,sad,LOW,LOW,LOW,LOW,FOCUSED,0.9,0.71,FLUCTUATING,4,2.47,CENTER,1.0,0,"{'yaw': -0.56, 'pitch': 3.88, 'roll': -0.13}",sad,0.34,medium,0.4533,0.0,True,LOW,0.0,17.6,12.5,LOW,"{'visual_stress': 0.0, 'audio_stress': 0.0, 'emotion_instability': 11.5, 'eye_avoidance': 0.0, 'head_movement': 1.2}",Stable emotional condition,2026-07-07 17:56:55
neutral,0.93,neutral,neutral,LOW,LOW,LOW,LOW,FOCUSED,0.93,0.651,FLUCTUATING,4,2.45,CENTER,1.0,0,"{'yaw': -2.36, 'pitch': 4.47, 'roll': -0.11}",sad,0.34,medium,0.4533,0.0,False,LOW,0.0,5.6,12.7,LOW,"{'visual_stress': 0.0, 'audio_stress': 0.0, 'emotion_instability': 11.7, 'eye_avoidance': 0.0, 'head_movement': 1.2}",Stable emotional condition,2026-07-07 17:56:56
fear,0.41,fear,fear,LOW,LOW,LOW,LOW,FOCUSED,1.0,0.287,FLUCTUATING,4,2.45,CENTER,1.0,0,"{'yaw': -3.05, 'pitch': 4.57, 'roll': -0.18}",sad,0.34,medium,0.4533,0.0,False,LOW,0.0,17.6,12.8,LOW,"{'visual_stress': 0.0, 'audio_stress': 0.0, 'emotion_instability': 11.8, 'eye_avoidance': 0.0, 'head_movement': 1.2}",Negative emotional state,2026-07-07 17:56:57
fear,0.58,fear,fear,LOW,LOW,LOW,LOW,FOCUSED,1.0,0.406,FLUCTUATING,4,2.41,CENTER,1.0,0,"{'yaw': -1.65, 'pitch': 3.8, 'roll': -0.18}",sad,0.3433333333333333,medium,0.4067,0.0,False,LOW,0.0,17.5,12.7,LOW,"{'visual_stress': 0.0, 'audio_stress': 0.0, 'emotion_instability': 11.4, 'eye_avoidance': 0.0, 'head_movement': 1.2}",Negative emotional state,2026-07-07 17:56:59
fear,0.74,fear,fear,LOW,LOW,LOW,LOW,FOCUSED,0.82,0.518,FLUCTUATING,4,2.38,CENTER,1.0,0,"{'yaw': -2.11, 'pitch': 2.61, 'roll': -0.13}",sad,0.3433333333333333,medium,0.4067,0.0,False,LOW,0.0,17.5,12.5,LOW,"{'visual_stress': 0.0, 'audio_stress': 0.0, 'emotion_instability': 10.9, 'eye_avoidance': 0.0, 'head_movement': 1.2}",Negative emotional state,2026-07-07 17:57:00
sad,0.46,sad,sad,LOW,LOW,LOW,LOW,FOCUSED,0.9,0.502,FLUCTUATING,4,2.41,CENTER,1.0,0,"{'yaw': -2.58, 'pitch': 2.03, 'roll': -0.1}",sad,0.3433333333333333,medium,0.4067,0.0,True,LOW,0.0,17.5,12.3,LOW,"{'visual_stress': 0.0, 'audio_stress': 0.0, 'emotion_instability': 10.9, 'eye_avoidance': 0.0, 'head_movement': 1.2}",Stable emotional condition,2026-07-07 17:57:00
neutral,0.52,neutral,neutral,LOW,LOW,LOW,LOW,FOCUSED,0.82,0.364,FLUCTUATING,4,2.39,CENTER,1.0,0,"{'yaw': -0.3, 'pitch': 3.79, 'roll': -0.15}",sad,0.3433333333333333,medium,0.4067,0.0,False,LOW,0.0,5.5,12.2,LOW,"{'visual_stress': 0.0, 'audio_stress': 0.0, 'emotion_instability': 10.9, 'eye_avoidance': 0.0, 'head_movement': 1.2}",Stable emotional condition,2026-07-07 17:57:01
surprise,0.76,surprise,surprise,LOW,LOW,LOW,LOW,FOCUSED,1.0,0.532,FLUCTUATING,4,2.47,CENTER,1.0,0,"{'yaw': -4.51, 'pitch': 2.97, 'roll': -0.16}",sad,0.3433333333333333,medium,0.4067,0.0,False,LOW,0.0,2.6,12.4,LOW,"{'visual_stress': 0.0, 'audio_stress': 0.0, 'emotion_instability': 11.4, 'eye_avoidance': 0.0, 'head_movement': 1.2}",Stable emotional condition,2026-07-07 17:57:02
neutral,1.0,neutral,neutral,LOW,LOW,LOW,LOW,FOCUSED,0.82,0.7,FLUCTUATING,4,2.51,CENTER,1.0,0,"{'yaw': -0.33, 'pitch': 2.54, 'roll': -0.14}",sad,0.3433333333333333,medium,0.4067,0.0,False,LOW,0.0,5.6,12.5,LOW,"{'visual_stress': 0.0, 'audio_stress': 0.0, 'emotion_instability': 11.4, 'eye_avoidance': 0.0, 'head_movement': 1.3}",Stable emotional condition,2026-07-07 17:57:02
fear,0.94,fear,fear,LOW,LOW,LOW,LOW,FOCUSED,0.89,0.658,FLUCTUATING,4,2.48,CENTER,1.0,0,"{'yaw': -0.93, 'pitch': 2.87, 'roll': -0.13}",sad,0.3433333333333333,medium,0.4067,0.0,False,LOW,0.0,17.6,12.5,LOW,"{'visual_stress': 0.0, 'audio_stress': 0.0, 'emotion_instability': 11.4, 'eye_avoidance': 0.0, 'head_movement': 1.2}",Negative emotional state,2026-07-07 17:57:03
happy,0.44,happy,happy,LOW,LOW,LOW,LOW,FOCUSED,0.89,0.308,UNSTABLE,4,2.45,CENTER,1.0,0,"{'yaw': -1.35, 'pitch': 3.86, 'roll': -0.13}",sad,0.3433333333333333,medium,0.4067,0.0,False,LOW,0.0,2.6,12.6,LOW,"{'visual_stress': 0.0, 'audio_stress': 0.0, 'emotion_instability': 11.4, 'eye_avoidance': 0.0, 'head_movement': 1.2}",Stable emotional condition,2026-07-07 17:57:04
sad,0.77,sad,sad,LOW,LOW,LOW,LOW,FOCUSED,0.82,0.657,UNSTABLE,4,2.49,CENTER,1.0,0,"{'yaw': 0.63, 'pitch': 3.06, 'roll': -0.1}",sad,0.3433333333333333,medium,0.4067,0.0,True,LOW,0.0,17.6,12.6,LOW,"{'visual_stress': 0.0, 'audio_stress': 0.0, 'emotion_instability': 11.4, 'eye_avoidance': 0.0, 'head_movement': 1.2}",Stable emotional condition,2026-07-07 17:57:05
fear,0.87,fear,fear,LOW,LOW,LOW,LOW,FOCUSED,0.82,0.609,UNSTABLE,5,2.53,CENTER,1.0,0,"{'yaw': 0.78, 'pitch': 3.99, 'roll': -0.1}",sad,0.3433333333333333,medium,0.4067,0.0,False,LOW,0.0,17.9,12.6,LOW,"{'visual_stress': 0.0, 'audio_stress': 0.0, 'emotion_instability': 11.4, 'eye_avoidance': 0.0, 'head_movement': 1.3}",Negative emotional state,2026-07-07 17:57:06
sad,0.67,sad,sad,LOW,LOW,LOW,LOW,FOCUSED,0.82,0.605,UNSTABLE,5,2.5,CENTER,1.0,0,"{'yaw': -0.42, 'pitch': 5.26, 'roll': -0.09}",sad,0.34,medium,0.4233,0.0,True,LOW,0.0,17.9,12.6,LOW,"{'visual_stress': 0.0, 'audio_stress': 0.0, 'emotion_instability': 11.4, 'eye_avoidance': 0.0, 'head_movement': 1.2}",Stable emotional condition,2026-07-07 17:57:07
sad,0.79,sad,sad,LOW,LOW,LOW,LOW,FOCUSED,0.93,0.665,UNSTABLE,6,2.5,CENTER,1.0,0,"{'yaw': -0.16, 'pitch': 3.09, 'roll': -0.14}",sad,0.34,medium,0.4233,0.0,True,LOW,0.0,18.2,12.4,LOW,"{'visual_stress': 0.0, 'audio_stress': 0.0, 'emotion_instability': 10.9, 'eye_avoidance': 0.0, 'head_movement': 1.2}",Stable emotional condition,2026-07-07 17:57:08
neutral,0.81,neutral,neutral,LOW,LOW,LOW,LOW,FOCUSED,0.94,0.567,UNSTABLE,6,2.67,CENTER,1.0,0,"{'yaw': 2.39, 'pitch': 3.05, 'roll': -0.2}",sad,0.34,medium,0.4233,0.0,False,LOW,0.0,6.3,12.3,LOW,"{'visual_stress': 0.0, 'audio_stress': 0.0, 'emotion_instability': 10.9, 'eye_avoidance': 0.0, 'head_movement': 1.3}",Stable emotional condition,2026-07-07 17:57:09
fear,0.9,fear,fear,LOW,LOW,LOW,LOW,FOCUSED,1.0,0.63,UNSTABLE,6,2.66,CENTER,1.0,0,"{'yaw': -1.12, 'pitch': 3.05, 'roll': -0.15}",sad,0.34,medium,0.4233,0.0,False,LOW,0.0,18.3,12.3,LOW,"{'visual_stress': 0.0, 'audio_stress': 0.0, 'emotion_instability': 10.9, 'eye_avoidance': 0.0, 'head_movement': 1.3}",Negative emotional state,2026-07-07 17:57:10
fear,0.82,fear,fear,LOW,LOW,LOW,LOW,FOCUSED,0.82,0.574,FLUCTUATING,6,2.59,CENTER,1.0,0,"{'yaw': -2.54, 'pitch': 4.7, 'roll': -0.13}",sad,0.34,medium,0.4233,0.0,False,LOW,0.0,18.3,12.0,LOW,"{'visual_stress': 0.0, 'audio_stress': 0.0, 'emotion_instability': 10.3, 'eye_avoidance': 0.0, 'head_movement': 1.3}",Negative emotional state,2026-07-07 17:57:11
fear,1.0,fear,fear,LOW,LOW,LOW,LOW,FOCUSED,1.0,0.7,FLUCTUATING,7,2.7,CENTER,1.0,0,"{'yaw': -2.77, 'pitch': 6.16, 'roll': -0.14}",sad,0.34,medium,0.4233,0.0,False,LOW,0.0,18.7,11.9,LOW,"{'visual_stress': 0.0, 'audio_stress': 0.0, 'emotion_instability': 10.3, 'eye_avoidance': 0.0, 'head_movement': 1.4}",Negative emotional state,2026-07-07 17:57:12
fear,1.0,fear,fear,LOW,LOW,LOW,LOW,FOCUSED,1.0,0.7,FLUCTUATING,7,2.75,CENTER,1.0,0,"{'yaw': -0.9, 'pitch': 1.9, 'roll': -0.14}",sad,0.34,medium,0.4233,0.0,False,LOW,0.0,18.7,11.8,LOW,"{'visual_stress': 0.0, 'audio_stress': 0.0, 'emotion_instability': 10.3, 'eye_avoidance': 0.0, 'head_movement': 1.4}",Negative emotional state,2026-07-07 17:57:13
fear,0.64,fear,fear,LOW,LOW,LOW,LOW,FOCUSED,1.0,0.448,FLUCTUATING,7,2.72,CENTER,1.0,0,"{'yaw': -0.92, 'pitch': 2.38, 'roll': -0.18}",sad,0.34,medium,0.4233,0.0,False,LOW,0.0,18.7,11.8,LOW,"{'visual_stress': 0.0, 'audio_stress': 0.0, 'emotion_instability': 10.3, 'eye_avoidance': 0.0, 'head_movement': 1.4}",Negative emotional state,2026-07-07 17:57:14
fear,0.95,fear,fear,LOW,LOW,LOW,LOW,FOCUSED,0.94,0.665,FLUCTUATING,7,2.62,CENTER,1.0,0,"{'yaw': -3.09, 'pitch': 3.43, 'roll': -0.17}",sad,0.34,medium,0.4233,0.0,False,LOW,0.0,18.6,11.5,LOW,"{'visual_stress': 0.0, 'audio_stress': 0.0, 'emotion_instability': 9.8, 'eye_avoidance': 0.0, 'head_movement': 1.3}",Negative emotional state,2026-07-07 17:57:15
angry,0.92,angry,angry,LOW,LOW,LOW,LOW,FOCUSED,0.93,0.644,FLUCTUATING,7,2.64,CENTER,1.0,0,"{'yaw': -2.76, 'pitch': 2.21, 'roll': -0.12}",sad,0.34,medium,0.4233,0.0,False,LOW,0.0,18.7,11.5,LOW,"{'visual_stress': 0.0, 'audio_stress': 0.0, 'emotion_instability': 10.3, 'eye_avoidance': 0.0, 'head_movement': 1.3}",Negative emotional state,2026-07-07 17:57:16
fear,0.94,fear,fear,LOW,LOW,LOW,LOW,FOCUSED,0.93,0.658,FLUCTUATING,7,2.65,CENTER,1.0,0,"{'yaw': -3.04, 'pitch': 3.95, 'roll': -0.14}",sad,0.34,medium,0.4367,0.0,False,LOW,0.0,18.7,11.8,LOW,"{'visual_stress': 0.0, 'audio_stress': 0.0, 'emotion_instability': 10.9, 'eye_avoidance': 0.0, 'head_movement': 1.3}",Negative emotional state,2026-07-07 17:57:18
neutral,0.96,neutral,neutral,LOW,LOW,LOW,LOW,FOCUSED,1.0,0.672,FLUCTUATING,7,2.66,CENTER,1.0,0,"{'yaw': -2.05, 'pitch': 2.03, 'roll': -0.15}",sad,0.34,medium,0.4367,0.0,False,LOW,0.0,6.7,12.0,LOW,"{'visual_stress': 0.0, 'audio_stress': 0.0, 'emotion_instability': 10.9, 'eye_avoidance': 0.0, 'head_movement': 1.3}",Stable emotional condition,2026-07-07 17:57:19
fear,0.88,fear,fear,LOW,LOW,LOW,LOW,FOCUSED,1.0,0.616,FLUCTUATING,7,2.67,CENTER,1.0,0,"{'yaw': -1.76, 'pitch': 4.34, 'roll': -0.18}",sad,0.34,medium,0.4367,0.0,False,LOW,0.0,18.7,12.1,LOW,"{'visual_stress': 0.0, 'audio_stress': 0.0, 'emotion_instability': 10.9, 'eye_avoidance': 0.0, 'head_movement': 1.3}",Negative emotional state,2026-07-07 17:57:19
fear,0.63,fear,fear,LOW,LOW,LOW,LOW,FOCUSED,1.0,0.441,FLUCTUATING,7,2.65,CENTER,1.0,0,"{'yaw': -1.73, 'pitch': 4.43, 'roll': -0.14}",sad,0.34,medium,0.4367,0.0,False,LOW,0.0,18.7,11.9,LOW,"{'visual_stress': 0.0, 'audio_stress': 0.0, 'emotion_instability': 10.3, 'eye_avoidance': 0.0, 'head_movement': 1.3}",Negative emotional state,2026-07-07 17:57:20
sad,0.98,sad,sad,LOW,LOW,LOW,LOW,FOCUSED,0.82,0.76,FLUCTUATING,7,2.47,CENTER,1.0,0,"{'yaw': -3.58, 'pitch': 3.86, 'roll': -0.18}",sad,0.34,medium,0.4367,0.0,True,LOW,0.0,18.6,11.7,LOW,"{'visual_stress': 0.0, 'audio_stress': 0.0, 'emotion_instability': 10.3, 'eye_avoidance': 0.0, 'head_movement': 1.2}",Stable emotional condition,2026-07-07 17:57:21
sad,0.98,sad,sad,MEDIUM,MEDIUM,LOW,LOW,FOCUSED,0.72,0.76,FLUCTUATING,8,2.45,CENTER,1.0,0,"{'yaw': -1.75, 'pitch': 4.24, 'roll': -0.09}",sad,0.34,medium,0.4367,0.0,True,MEDIUM,0.348,33.9,18.4,LOW,"{'visual_stress': 17.5, 'audio_stress': 0.0, 'emotion_instability': 9.8, 'eye_avoidance': 0.0, 'head_movement': 1.2}",Stable emotional condition,2026-07-07 17:57:21
fear,0.76,fear,fear,MEDIUM,MEDIUM,LOW,LOW,FOCUSED,0.88,0.532,FLUCTUATING,8,2.54,CENTER,1.0,0,"{'yaw': -3.39, 'pitch': 5.43, 'roll': -0.19}",sad,0.34,medium,0.4367,0.0,False,MEDIUM,0.348,33.9,22.5,LOW,"{'visual_stress': 17.5, 'audio_stress': 0.0, 'emotion_instability': 9.8, 'eye_avoidance': 0.0, 'head_movement': 1.3}",Negative emotional state,2026-07-07 17:57:22
fear,1.0,fear,fear,MEDIUM,MEDIUM,LOW,LOW,FOCUSED,0.8,0.7,FLUCTUATING,8,2.56,CENTER,1.0,0,"{'yaw': -2.91, 'pitch': 2.69, 'roll': -0.17}",sad,0.34,medium,0.4367,0.0,False,MEDIUM,0.348,33.9,24.7,LOW,"{'visual_stress': 17.5, 'audio_stress': 0.0, 'emotion_instability': 9.3, 'eye_avoidance': 0.0, 'head_movement': 1.3}",Negative emotional state,2026-07-07 17:57:23
happy,0.51,happy,happy,MEDIUM,MEDIUM,LOW,LOW,FOCUSED,0.88,0.357,UNSTABLE,8,2.66,CENTER,1.0,0,"{'yaw': -3.01, 'pitch': 6.16, 'roll': -0.1}",sad,0.34,medium,0.4367,0.0,False,MEDIUM,0.348,19.0,26.1,LOW,"{'visual_stress': 17.5, 'audio_stress': 0.0, 'emotion_instability': 9.3, 'eye_avoidance': 0.0, 'head_movement': 1.3}",Stable emotional condition,2026-07-07 17:57:24
sad,0.54,sad,sad,MEDIUM,MEDIUM,LOW,LOW,FOCUSED,0.71,0.54,FLUCTUATING,8,2.63,CENTER,1.0,0,"{'yaw': -2.43, 'pitch': 3.79, 'roll': -0.16}",sad,0.34,medium,0.4367,0.0,True,MEDIUM,0.348,34.0,27.1,LOW,"{'visual_stress': 17.5, 'audio_stress': 0.0, 'emotion_instability': 9.8, 'eye_avoidance': 0.0, 'head_movement': 1.3}",Stable emotional condition,2026-07-07 17:57:25
sad,0.87,sad,sad,MEDIUM,MEDIUM,LOW,LOW,FOCUSED,0.71,0.707,FLUCTUATING,8,2.66,CENTER,1.0,0,"{'yaw': -0.0, 'pitch': 3.86, 'roll': -0.13}",sad,0.3433333333333333,medium,0.4133,0.0,True,MEDIUM,0.354,34.0,27.7,LOW,"{'visual_stress': 17.5, 'audio_stress': 0.0, 'emotion_instability': 9.8, 'eye_avoidance': 0.0, 'head_movement': 1.3}",Stable emotional condition,2026-07-07 17:57:26
happy,0.94,happy,happy,MEDIUM,MEDIUM,LOW,LOW,FOCUSED,0.77,0.658,FLUCTUATING,9,2.77,CENTER,1.0,0,"{'yaw': 1.83, 'pitch': 3.2, 'roll': -0.17}",sad,0.3433333333333333,medium,0.4133,0.0,False,MEDIUM,0.354,19.4,28.1,LOW,"{'visual_stress': 17.5, 'audio_stress': 0.0, 'emotion_instability': 9.8, 'eye_avoidance': 0.0, 'head_movement': 1.4}",Stable emotional condition,2026-07-07 17:57:27
fear,0.87,fear,fear,MEDIUM,MEDIUM,LOW,LOW,FOCUSED,0.88,0.609,FLUCTUATING,9,2.74,CENTER,1.0,0,"{'yaw': -0.6, 'pitch': 2.52, 'roll': -0.15}",sad,0.3433333333333333,medium,0.4133,0.0,False,MEDIUM,0.354,34.4,28.3,LOW,"{'visual_stress': 17.5, 'audio_stress': 0.0, 'emotion_instability': 9.8, 'eye_avoidance': 0.0, 'head_movement': 1.4}",Negative emotional state,2026-07-07 17:57:28
fear,0.83,fear,fear,MEDIUM,MEDIUM,LOW,LOW,FOCUSED,0.87,0.581,FLUCTUATING,9,2.83,CENTER,1.0,0,"{'yaw': 1.56, 'pitch': 2.95, 'roll': -0.11}",sad,0.3433333333333333,medium,0.4133,0.0,False,MEDIUM,0.354,34.4,28.3,LOW,"{'visual_stress': 17.5, 'audio_stress': 0.0, 'emotion_instability': 9.3, 'eye_avoidance': 0.0, 'head_movement': 1.4}",Negative emotional state,2026-07-07 17:57:29
neutral,0.89,neutral,neutral,MEDIUM,MEDIUM,LOW,LOW,FOCUSED,0.71,0.623,FLUCTUATING,9,2.72,CENTER,1.0,0,"{'yaw': -0.39, 'pitch': 3.31, 'roll': -0.12}",sad,0.3433333333333333,medium,0.4133,0.0,False,MEDIUM,0.354,22.4,28.2,LOW,"{'visual_stress': 17.5, 'audio_stress': 0.0, 'emotion_instability': 9.3, 'eye_avoidance': 0.0, 'head_movement': 1.4}",Stable emotional condition,2026-07-07 17:57:29
fear,0.69,fear,fear,MEDIUM,MEDIUM,LOW,LOW,FOCUSED,0.84,0.483,FLUCTUATING,10,2.88,CENTER,1.0,0,"{'yaw': -3.62, 'pitch': 6.61, 'roll': -0.15}",sad,0.3433333333333333,medium,0.4133,0.0,False,MEDIUM,0.354,34.8,28.2,LOW,"{'visual_stress': 17.5, 'audio_stress': 0.0, 'emotion_instability': 9.3, 'eye_avoidance': 0.0, 'head_movement': 1.4}",Negative emotional state,2026-07-07 17:57:30
fear,0.91,fear,fear,MEDIUM,MEDIUM,LOW,LOW,FOCUSED,0.84,0.637,FLUCTUATING,10,2.87,CENTER,1.0,0,"{'yaw': -1.71, 'pitch': 3.63, 'roll': -0.19}",sad,0.3433333333333333,medium,0.4133,0.0,False,MEDIUM,0.354,34.8,28.0,LOW,"{'visual_stress': 17.5, 'audio_stress': 0.0, 'emotion_instability': 8.8, 'eye_avoidance': 0.0, 'head_movement': 1.4}",Negative emotional state,2026-07-07 17:57:31
sad,0.8,sad,sad,MEDIUM,MEDIUM,LOW,LOW,FOCUSED,0.79,0.672,FLUCTUATING,10,2.93,CENTER,1.0,0,"{'yaw': 0.85, 'pitch': 2.53, 'roll': -0.18}",sad,0.3433333333333333,medium,0.4133,0.0,True,MEDIUM,0.354,34.8,27.9,LOW,"{'visual_stress': 17.5, 'audio_stress': 0.0, 'emotion_instability': 8.8, 'eye_avoidance': 0.0, 'head_movement': 1.5}",Stable emotional condition,2026-07-07 17:57:31
sad,0.93,sad,sad,MEDIUM,MEDIUM,LOW,LOW,FOCUSED,0.68,0.737,FLUCTUATING,10,2.9,CENTER,1.0,0,"{'yaw': -0.76, 'pitch': 4.6, 'roll': -0.14}",sad,0.3433333333333333,medium,0.4133,0.0,True,MEDIUM,0.354,34.8,27.6,LOW,"{'visual_stress': 17.5, 'audio_stress': 0.0, 'emotion_instability': 8.3, 'eye_avoidance': 0.0, 'head_movement': 1.4}",Stable emotional condition,2026-07-07 17:57:32
neutral,0.64,neutral,neutral,MEDIUM,MEDIUM,LOW,LOW,FOCUSED,0.79,0.448,FLUCTUATING,11,2.94,CENTER,1.0,0,"{'yaw': -3.71, 'pitch': 2.1, 'roll': -0.12}",sad,0.3433333333333333,medium,0.4133,0.0,False,MEDIUM,0.354,23.1,27.5,LOW,"{'visual_stress': 17.5, 'audio_stress': 0.0, 'emotion_instability': 8.3, 'eye_avoidance': 0.0, 'head_movement': 1.5}",Stable emotional condition,2026-07-07 17:57:33
surprise,0.93,surprise,surprise,MEDIUM,MEDIUM,LOW,LOW,FOCUSED,0.79,0.651,UNSTABLE,11,2.91,CENTER,1.0,0,"{'yaw': -2.09, 'pitch': 2.77, 'roll': -0.19}",sad,0.3433333333333333,medium,0.4367,0.0,False,MEDIUM,0.348,20.1,27.6,LOW,"{'visual_stress': 17.5, 'audio_stress': 0.0, 'emotion_instability': 8.8, 'eye_avoidance': 0.0, 'head_movement': 1.5}",Stable emotional condition,2026-07-07 17:57:34
surprise,0.76,surprise,surprise,MEDIUM,MEDIUM,LOW,LOW,FOCUSED,0.77,0.532,FLUCTUATING,11,2.9,CENTER,1.0,0,"{'yaw': -2.44, 'pitch': 2.94, 'roll': -0.18}",sad,0.3433333333333333,medium,0.4367,0.0,False,MEDIUM,0.348,20.1,27.5,LOW,"{'visual_stress': 17.5, 'audio_stress': 0.0, 'emotion_instability': 8.3, 'eye_avoidance': 0.0, 'head_movement': 1.4}",Stable emotional condition,2026-07-07 17:57:35
sad,0.65,sad,sad,MEDIUM,MEDIUM,MEDIUM,LOW,FOCUSED,0.88,0.597,FLUCTUATING,11,2.72,CENTER,1.0,0,"{'yaw': -1.92, 'pitch': 3.6, 'roll': -0.11}",sad,0.3433333333333333,medium,0.4367,0.0,True,MEDIUM,0.348,35.0,27.4,LOW,"{'visual_stress': 17.5, 'audio_stress': 0.0, 'emotion_instability': 8.3, 'eye_avoidance': 0.0, 'head_movement': 1.4}",Stable emotional condition,2026-07-07 17:57:36
fear,0.98,fear,fear,MEDIUM,MEDIUM,MEDIUM,LOW,FOCUSED,0.82,0.686,FLUCTUATING,11,2.74,CENTER,1.0,0,"{'yaw': -3.5, 'pitch': 4.04, 'roll': -0.18}",sad,0.3433333333333333,medium,0.4367,0.0,False,MEDIUM,0.348,35.0,27.5,LOW,"{'visual_stress': 17.5, 'audio_stress': 0.0, 'emotion_instability': 8.8, 'eye_avoidance': 0.0, 'head_movement': 1.4}",Negative emotional state,2026-07-07 17:57:37
fear,0.98,fear,fear,MEDIUM,MEDIUM,MEDIUM,LOW,FOCUSED,0.88,0.686,FLUCTUATING,11,2.74,CENTER,1.0,0,"{'yaw': -3.04, 'pitch': 4.21, 'roll': -0.18}",sad,0.3433333333333333,medium,0.4367,0.0,False,MEDIUM,0.348,35.0,27.6,LOW,"{'visual_stress': 17.5, 'audio_stress': 0.0, 'emotion_instability': 8.8, 'eye_avoidance': 0.0, 'head_movement': 1.4}",Negative emotional state,2026-07-07 17:57:38
neutral,0.83,neutral,neutral,MEDIUM,MEDIUM,LOW,LOW,FOCUSED,0.71,0.581,FLUCTUATING,11,2.67,CENTER,1.0,0,"{'yaw': -0.06, 'pitch': 3.45, 'roll': -0.15}",sad,0.3433333333333333,medium,0.4367,0.0,False,MEDIUM,0.348,23.0,27.8,LOW,"{'visual_stress': 17.5, 'audio_stress': 0.0, 'emotion_instability': 9.3, 'eye_avoidance': 0.0, 'head_movement': 1.3}",Stable emotional condition,2026-07-07 17:57:39
fear,0.75,fear,fear,MEDIUM,MEDIUM,MEDIUM,LOW,FOCUSED,0.71,0.525,FLUCTUATING,11,2.64,CENTER,1.0,0,"{'yaw': -0.69, 'pitch': 3.41, 'roll': -0.11}",sad,0.3433333333333333,medium,0.4367,0.0,False,MEDIUM,0.348,35.0,28.1,LOW,"{'visual_stress': 17.5, 'audio_stress': 0.0, 'emotion_instability': 9.8, 'eye_avoidance': 0.0, 'head_movement': 1.3}",Negative emotional state,2026-07-07 17:57:41
fear,0.72,fear,fear,MEDIUM,MEDIUM,MEDIUM,LOW,FOCUSED,0.88,0.504,FLUCTUATING,11,2.65,CENTER,1.0,0,"{'yaw': 0.28, 'pitch': 4.01, 'roll': -0.16}",sad,0.3433333333333333,medium,0.4367,0.0,False,MEDIUM,0.348,35.0,28.3,LOW,"{'visual_stress': 17.5, 'audio_stress': 0.0, 'emotion_instability': 9.8, 'eye_avoidance': 0.0, 'head_movement': 1.3}",Negative emotional state,2026-07-07 17:57:41
sad,0.73,sad,sad,MEDIUM,MEDIUM,MEDIUM,LOW,FOCUSED,0.88,0.637,FLUCTUATING,11,2.67,CENTER,1.0,0,"{'yaw': 0.41, 'pitch': 3.58, 'roll': -0.15}",sad,0.3433333333333333,medium,0.4367,0.0,True,MEDIUM,0.348,35.0,28.4,LOW,"{'visual_stress': 17.5, 'audio_stress': 0.0, 'emotion_instability': 9.8, 'eye_avoidance': 0.0, 'head_movement': 1.3}",Stable emotional condition,2026-07-07 17:57:42
sad,0.55,sad,sad,MEDIUM,MEDIUM,MEDIUM,LOW,FOCUSED,0.71,0.547,FLUCTUATING,11,2.63,CENTER,1.0,0,"{'yaw': -2.39, 'pitch': 3.85, 'roll': -0.15}",sad,0.3433333333333333,medium,0.4367,0.0,True,MEDIUM,0.348,35.0,28.3,LOW,"{'visual_stress': 17.5, 'audio_stress': 0.0, 'emotion_instability': 9.3, 'eye_avoidance': 0.0, 'head_movement': 1.3}",Stable emotional condition,2026-07-07 17:57:43
fear,0.69,fear,fear,MEDIUM,MEDIUM,MEDIUM,LOW,FOCUSED,0.88,0.483,FLUCTUATING,12,2.61,CENTER,1.0,0,"{'yaw': -1.02, 'pitch': 3.61, 'roll': -0.16}",sad,0.3433333333333333,medium,0.4233,0.0,False,MEDIUM,0.351,35.3,28.2,LOW,"{'visual_stress': 17.5, 'audio_stress': 0.0, 'emotion_instability': 9.3, 'eye_avoidance': 0.0, 'head_movement': 1.3}",Negative emotional state,2026-07-07 17:57:45
fear,0.65,fear,fear,MEDIUM,MEDIUM,MEDIUM,LOW,FOCUSED,0.71,0.455,FLUCTUATING,12,2.59,CENTER,1.0,0,"{'yaw': 0.15, 'pitch': 3.16, 'roll': -0.07}",sad,0.3433333333333333,medium,0.4233,0.0,False,MEDIUM,0.351,35.3,28.0,LOW,"{'visual_stress': 17.5, 'audio_stress': 0.0, 'emotion_instability': 8.8, 'eye_avoidance': 0.0, 'head_movement': 1.3}",Negative emotional state,2026-07-07 17:57:46
fear,0.8,fear,fear,MEDIUM,MEDIUM,MEDIUM,LOW,FOCUSED,0.81,0.56,FLUCTUATING,12,2.62,CENTER,1.0,0,"{'yaw': -3.3, 'pitch': 3.76, 'roll': -0.18}",sad,0.3433333333333333,medium,0.4233,0.0,False,MEDIUM,0.351,35.3,27.8,LOW,"{'visual_stress': 17.5, 'audio_stress': 0.0, 'emotion_instability': 8.8, 'eye_avoidance': 0.0, 'head_movement': 1.3}",Negative emotional state,2026-07-07 17:57:47
fear,0.96,fear,fear,MEDIUM,MEDIUM,MEDIUM,LOW,FOCUSED,0.78,0.672,FLUCTUATING,12,2.62,CENTER,1.0,0,"{'yaw': -1.76, 'pitch': 3.19, 'roll': -0.12}",sad,0.3433333333333333,medium,0.4233,0.0,False,MEDIUM,0.351,35.3,27.5,LOW,"{'visual_stress': 17.5, 'audio_stress': 0.0, 'emotion_instability': 8.3, 'eye_avoidance': 0.0, 'head_movement': 1.3}",Negative emotional state,2026-07-07 17:57:48
neutral,0.8,neutral,neutral,MEDIUM,MEDIUM,LOW,LOW,FOCUSED,0.71,0.56,FLUCTUATING,12,2.58,CENTER,1.0,0,"{'yaw': -2.22, 'pitch': 3.41, 'roll': -0.18}",sad,0.3433333333333333,medium,0.4233,0.0,False,MEDIUM,0.351,23.3,27.6,LOW,"{'visual_stress': 17.5, 'audio_stress': 0.0, 'emotion_instability': 8.8, 'eye_avoidance': 0.0, 'head_movement': 1.3}",Stable emotional condition,2026-07-07 17:57:48
fear,0.47,fear,fear,MEDIUM,MEDIUM,MEDIUM,LOW,FOCUSED,0.77,0.329,FLUCTUATING,13,2.6,CENTER,1.0,0,"{'yaw': -2.34, 'pitch': 4.65, 'roll': -0.13}",sad,0.3433333333333333,medium,0.4233,0.0,False,MEDIUM,0.351,35.6,27.6,LOW,"{'visual_stress': 17.5, 'audio_stress': 0.0, 'emotion_instability': 8.8, 'eye_avoidance': 0.0, 'head_movement': 1.3}",Negative emotional state,2026-07-07 17:57:49
sad,0.4,sad,sad,MEDIUM,MEDIUM,MEDIUM,LOW,FOCUSED,0.71,0.472,FLUCTUATING,13,2.6,CENTER,1.0,0,"{'yaw': 1.7, 'pitch': 3.92, 'roll': -0.18}",sad,0.3433333333333333,medium,0.4233,0.0,True,MEDIUM,0.351,35.6,27.8,LOW,"{'visual_stress': 17.5, 'audio_stress': 0.0, 'emotion_instability': 9.3, 'eye_avoidance': 0.0, 'head_movement': 1.3}",Stable emotional condition,2026-07-07 17:57:50
neutral,0.53,neutral,neutral,MEDIUM,MEDIUM,LOW,LOW,FOCUSED,0.71,0.371,FLUCTUATING,13,2.58,CENTER,1.0,0,"{'yaw': -2.29, 'pitch': 4.6, 'roll': -0.14}",sad,0.3433333333333333,medium,0.4233,0.0,False,MEDIUM,0.351,23.6,27.9,LOW,"{'visual_stress': 17.5, 'audio_stress': 0.0, 'emotion_instability': 9.3, 'eye_avoidance': 0.0, 'head_movement': 1.3}",Stable emotional condition,2026-07-07 17:57:51
fear,0.74,fear,fear,MEDIUM,MEDIUM,MEDIUM,LOW,FOCUSED,0.88,0.518,FLUCTUATING,13,2.49,CENTER,1.0,0,"{'yaw': -3.32, 'pitch': 2.88, 'roll': -0.14}",sad,0.3433333333333333,medium,0.4233,0.0,False,MEDIUM,0.351,35.6,27.9,LOW,"{'visual_stress': 17.5, 'audio_stress': 0.0, 'emotion_instability': 9.3, 'eye_avoidance': 0.0, 'head_movement': 1.2}",Negative emotional state,2026-07-07 17:57:51
happy,0.93,happy,happy,MEDIUM,MEDIUM,LOW,LOW,FOCUSED,0.81,0.651,FLUCTUATING,13,2.5,CENTER,1.0,0,"{'yaw': -2.86, 'pitch': 3.72, 'roll': -0.13}",sad,0.3433333333333333,medium,0.4233,0.0,False,MEDIUM,0.351,20.6,28.2,LOW,"{'visual_stress': 17.5, 'audio_stress': 0.0, 'emotion_instability': 9.8, 'eye_avoidance': 0.0, 'head_movement': 1.2}",Stable emotional condition,2026-07-07 17:57:52
sad,0.72,sad,sad,MEDIUM,MEDIUM,MEDIUM,LOW,FOCUSED,0.77,0.655,FLUCTUATING,13,2.5,CENTER,1.0,0,"{'yaw': -2.04, 'pitch': 4.51, 'roll': -0.13}",sad,0.39,medium,0.4733,0.0001,True,MEDIUM,0.339,35.6,28.3,LOW,"{'visual_stress': 17.5, 'audio_stress': 0.0, 'emotion_instability': 9.8, 'eye_avoidance': 0.0, 'head_movement': 1.2}",Stable emotional condition,2026-07-07 17:57:54
sad,0.94,sad,sad,MEDIUM,MEDIUM,MEDIUM,LOW,FOCUSED,0.71,0.765,FLUCTUATING,13,2.41,CENTER,1.0,0,"{'yaw': -2.61, 'pitch': 2.72, 'roll': -0.12}",sad,0.39,medium,0.4733,0.0001,True,MEDIUM,0.339,35.5,28.2,LOW,"{'visual_stress': 17.5, 'audio_stress': 0.0, 'emotion_instability': 9.3, 'eye_avoidance': 0.0, 'head_movement': 1.2}",Stable emotional condition,2026-07-07 17:57:55
sad,0.4,sad,sad,MEDIUM,MEDIUM,MEDIUM,LOW,FOCUSED,0.79,0.495,FLUCTUATING,14,2.45,CENTER,1.0,0,"{'yaw': -3.55, 'pitch': 4.82, 'roll': -0.15}",sad,0.39,medium,0.4733,0.0001,True,MEDIUM,0.339,35.9,28.1,LOW,"{'visual_stress': 17.5, 'audio_stress': 0.0, 'emotion_instability': 9.3, 'eye_avoidance': 0.0, 'head_movement': 1.2}",Stable emotional condition,2026-07-07 17:57:55
surprise,0.72,surprise,surprise,MEDIUM,MEDIUM,LOW,LOW,FOCUSED,0.86,0.504,UNSTABLE,14,2.37,CENTER,1.0,0,"{'yaw': -3.74, 'pitch': 3.91, 'roll': -0.22}",sad,0.39,medium,0.4733,0.0001,False,MEDIUM,0.339,20.9,28.1,LOW,"{'visual_stress': 17.5, 'audio_stress': 0.0, 'emotion_instability': 9.3, 'eye_avoidance': 0.0, 'head_movement': 1.2}",Stable emotional condition,2026-07-07 17:57:56
fear,0.9,fear,fear,MEDIUM,MEDIUM,MEDIUM,LOW,FOCUSED,0.78,0.63,UNSTABLE,14,2.39,CENTER,1.0,0,"{'yaw': -2.35, 'pitch': 5.31, 'roll': -0.12}",sad,0.39,medium,0.4733,0.0001,False,MEDIUM,0.339,35.9,28.0,LOW,"{'visual_stress': 17.5, 'audio_stress': 0.0, 'emotion_instability': 9.3, 'eye_avoidance': 0.0, 'head_movement': 1.2}",Negative emotional state,2026-07-07 17:57:57
neutral,1.0,neutral,neutral,MEDIUM,MEDIUM,LOW,LOW,FOCUSED,0.69,0.7,UNSTABLE,14,2.26,CENTER,1.0,0,"{'yaw': -3.99, 'pitch': 4.74, 'roll': -0.16}",sad,0.39,medium,0.4733,0.0001,False,MEDIUM,0.339,23.8,28.2,LOW,"{'visual_stress': 17.5, 'audio_stress': 0.0, 'emotion_instability': 9.8, 'eye_avoidance': 0.0, 'head_movement': 1.1}",Stable emotional condition,2026-07-07 17:57:58
happy,0.52,happy,happy,MEDIUM,MEDIUM,LOW,LOW,FOCUSED,0.79,0.364,UNSTABLE,14,2.29,CENTER,1.0,0,"{'yaw': -0.88, 'pitch': 2.66, 'roll': -0.12}",sad,0.39,medium,0.4733,0.0001,False,MEDIUM,0.339,20.8,28.3,LOW,"{'visual_stress': 17.5, 'audio_stress': 0.0, 'emotion_instability': 9.8, 'eye_avoidance': 0.0, 'head_movement': 1.1}",Stable emotional condition,2026-07-07 17:57:59
surprise,0.44,surprise,surprise,MEDIUM,MEDIUM,LOW,LOW,FOCUSED,0.7,0.308,UNSTABLE,14,2.2,CENTER,1.0,0,"{'yaw': -0.89, 'pitch': 4.65, 'roll': -0.16}",sad,0.39,medium,0.4733,0.0001,False,MEDIUM,0.339,20.8,28.5,LOW,"{'visual_stress': 17.5, 'audio_stress': 0.0, 'emotion_instability': 10.3, 'eye_avoidance': 0.0, 'head_movement': 1.1}",Stable emotional condition,2026-07-07 17:58:00
fear,0.9,fear,fear,MEDIUM,MEDIUM,MEDIUM,LOW,FOCUSED,0.69,0.63,UNSTABLE,14,2.2,CENTER,1.0,0,"{'yaw': -0.9, 'pitch': 4.49, 'roll': -0.12}",sad,0.39,medium,0.4733,0.0001,False,MEDIUM,0.339,35.8,28.7,LOW,"{'visual_stress': 17.5, 'audio_stress': 0.0, 'emotion_instability': 10.3, 'eye_avoidance': 0.0, 'head_movement': 1.1}",Negative emotional state,2026-07-07 17:58:00
neutral,0.91,neutral,neutral,MEDIUM,MEDIUM,LOW,LOW,FOCUSED,0.77,0.637,UNSTABLE,14,2.15,CENTER,1.0,0,"{'yaw': 0.2, 'pitch': 3.22, 'roll': -0.16}",sad,0.39,medium,0.4733,0.0001,False,MEDIUM,0.339,23.7,28.8,LOW,"{'visual_stress': 17.5, 'audio_stress': 0.0, 'emotion_instability': 10.3, 'eye_avoidance': 0.0, 'head_movement': 1.1}",Stable emotional condition,2026-07-07 17:58:02
fear,0.88,fear,fear,MEDIUM,MEDIUM,MEDIUM,LOW,FOCUSED,0.86,0.616,UNSTABLE,14,2.18,CENTER,1.0,0,"{'yaw': -0.3, 'pitch': 5.05, 'roll': -0.12}",sad,0.36333333333333334,medium,0.4133,0.0,False,MEDIUM,0.354,35.8,29.1,LOW,"{'visual_stress': 17.5, 'audio_stress': 0.0, 'emotion_instability': 10.9, 'eye_avoidance': 0.0, 'head_movement': 1.1}",Negative emotional state,2026-07-07 17:58:04
fear,0.96,fear,fear,MEDIUM,MEDIUM,MEDIUM,LOW,FOCUSED,0.86,0.672,UNSTABLE,14,2.16,CENTER,1.0,0,"{'yaw': -1.01, 'pitch': 3.98, 'roll': -0.14}",sad,0.36333333333333334,medium,0.4133,0.0,False,MEDIUM,0.354,35.7,29.0,LOW,"{'visual_stress': 17.5, 'audio_stress': 0.0, 'emotion_instability': 10.3, 'eye_avoidance': 0.0, 'head_movement': 1.1}",Negative emotional state,2026-07-07 17:58:05
fear,0.56,fear,fear,MEDIUM,MEDIUM,MEDIUM,LOW,FOCUSED,0.86,0.392,FLUCTUATING,14,2.18,CENTER,1.0,0,"{'yaw': -2.78, 'pitch': 3.18, 'roll': -0.15}",sad,0.36333333333333334,medium,0.4133,0.0,False,MEDIUM,0.354,35.8,28.8,LOW,"{'visual_stress': 17.5, 'audio_stress': 0.0, 'emotion_instability': 9.8, 'eye_avoidance': 0.0, 'head_movement': 1.1}",Negative emotional state,2026-07-07 17:58:06
fear,0.99,fear,fear,MEDIUM,MEDIUM,MEDIUM,LOW,FOCUSED,0.86,0.693,FLUCTUATING,14,2.15,CENTER,1.0,0,"{'yaw': -1.88, 'pitch': 4.6, 'roll': -0.17}",sad,0.36333333333333334,medium,0.4133,0.0,False,MEDIUM,0.354,35.7,28.6,LOW,"{'visual_stress': 17.5, 'audio_stress': 0.0, 'emotion_instability': 9.8, 'eye_avoidance': 0.0, 'head_movement': 1.1}",Negative emotional state,2026-07-07 17:58:06
neutral,0.58,neutral,neutral,MEDIUM,MEDIUM,LOW,LOW,FOCUSED,0.69,0.406,FLUCTUATING,14,2.16,CENTER,1.0,0,"{'yaw': -2.97, 'pitch': 4.66, 'roll': -0.1}",sad,0.36333333333333334,medium,0.4133,0.0,False,MEDIUM,0.354,23.7,28.5,LOW,"{'visual_stress': 17.5, 'audio_stress': 0.0, 'emotion_instability': 9.8, 'eye_avoidance': 0.0, 'head_movement': 1.1}",Stable emotional condition,2026-07-07 17:58:07
neutral,1.0,neutral,neutral,MEDIUM,MEDIUM,LOW,LOW,FOCUSED,0.77,0.7,FLUCTUATING,15,2.15,CENTER,1.0,0,"{'yaw': -3.2, 'pitch': 3.87, 'roll': -0.18}",sad,0.36333333333333334,medium,0.4133,0.0,False,MEDIUM,0.354,24.1,28.3,LOW,"{'visual_stress': 17.5, 'audio_stress': 0.0, 'emotion_instability': 9.3, 'eye_avoidance': 0.0, 'head_movement': 1.1}",Stable emotional condition,2026-07-07 17:58:08
fear,0.97,fear,fear,MEDIUM,MEDIUM,MEDIUM,LOW,FOCUSED,0.7,0.679,FLUCTUATING,15,2.17,CENTER,1.0,0,"{'yaw': -0.6, 'pitch': 2.83, 'roll': -0.16}",sad,0.36333333333333334,medium,0.4133,0.0,False,MEDIUM,0.354,36.1,28.3,LOW,"{'visual_stress': 17.5, 'audio_stress': 0.0, 'emotion_instability': 9.8, 'eye_avoidance': 0.0, 'head_movement': 1.1}",Negative emotional state,2026-07-07 17:58:09
fear,0.71,fear,fear,MEDIUM,MEDIUM,MEDIUM,LOW,FOCUSED,0.77,0.497,STABLE,15,2.33,CENTER,1.0,0,"{'yaw': 2.39, 'pitch': 4.79, 'roll': -0.15}",sad,0.36333333333333334,medium,0.4133,0.0,False,MEDIUM,0.354,36.2,28.2,LOW,"{'visual_stress': 17.5, 'audio_stress': 0.0, 'emotion_instability': 9.3, 'eye_avoidance': 0.0, 'head_movement': 1.2}",Negative emotional state,2026-07-07 17:58:10
sad,0.52,sad,sad,MEDIUM,MEDIUM,MEDIUM,LOW,FOCUSED,0.7,0.542,FLUCTUATING,15,2.29,CENTER,1.0,0,"{'yaw': -1.55, 'pitch': 4.23, 'roll': -0.11}",sad,0.36333333333333334,medium,0.4133,0.0,True,MEDIUM,0.354,36.1,28.3,LOW,"{'visual_stress': 17.5, 'audio_stress': 0.0, 'emotion_instability': 9.8, 'eye_avoidance': 0.0, 'head_movement': 1.1}",Stable emotional condition,2026-07-07 17:58:11
fear,0.6,fear,fear,MEDIUM,MEDIUM,MEDIUM,LOW,FOCUSED,0.7,0.42,FLUCTUATING,15,2.28,CENTER,1.0,0,"{'yaw': -2.24, 'pitch': 3.94, 'roll': -0.15}",sad,0.36333333333333334,medium,0.4133,0.0,False,MEDIUM,0.354,36.1,28.3,LOW,"{'visual_stress': 17.5, 'audio_stress': 0.0, 'emotion_instability': 9.8, 'eye_avoidance': 0.0, 'head_movement': 1.1}",Negative emotional state,2026-07-07 17:58:11
sad,0.51,sad,sad,MEDIUM,MEDIUM,MEDIUM,LOW,FOCUSED,0.68,0.533,FLUCTUATING,15,2.32,CENTER,1.0,0,"{'yaw': -3.91, 'pitch': 4.0, 'roll': -0.09}",sad,0.3566666666666667,medium,0.4133,0.0,True,MEDIUM,0.354,36.2,28.6,LOW,"{'visual_stress': 17.5, 'audio_stress': 0.0, 'emotion_instability': 10.3, 'eye_avoidance': 0.0, 'head_movement': 1.2}",Stable emotional condition,2026-07-07 17:58:13
happy,0.66,happy,happy,MEDIUM,MEDIUM,LOW,LOW,FOCUSED,0.69,0.462,FLUCTUATING,15,2.29,CENTER,1.0,0,"{'yaw': -3.17, 'pitch': 3.27, 'roll': -0.13}",sad,0.3566666666666667,medium,0.4133,0.0,False,MEDIUM,0.354,21.1,29.0,LOW,"{'visual_stress': 17.5, 'audio_stress': 0.0, 'emotion_instability': 10.9, 'eye_avoidance': 0.0, 'head_movement': 1.1}",Stable emotional condition,2026-07-07 17:58:13
neutral,0.96,neutral,neutral,MEDIUM,MEDIUM,LOW,LOW,FOCUSED,0.69,0.672,FLUCTUATING,15,2.29,CENTER,1.0,0,"{'yaw': -2.01, 'pitch': 2.89, 'roll': -0.16}",sad,0.3566666666666667,medium,0.4133,0.0,False,MEDIUM,0.354,24.1,29.4,LOW,"{'visual_stress': 17.5, 'audio_stress': 0.0, 'emotion_instability': 11.4, 'eye_avoidance': 0.0, 'head_movement': 1.1}",Stable emotional condition,2026-07-07 17:58:14
fear,0.92,fear,fear,MEDIUM,MEDIUM,MEDIUM,LOW,FOCUSED,0.7,0.644,FLUCTUATING,15,2.28,CENTER,1.0,0,"{'yaw': -1.7, 'pitch': 3.81, 'roll': -0.15}",sad,0.3566666666666667,medium,0.4133,0.0,False,MEDIUM,0.354,36.1,29.6,LOW,"{'visual_stress': 17.5, 'audio_stress': 0.0, 'emotion_instability': 11.4, 'eye_avoidance': 0.0, 'head_movement': 1.1}",Negative emotional state,2026-07-07 17:58:15
neutral,0.81,neutral,neutral,MEDIUM,MEDIUM,LOW,LOW,FOCUSED,0.67,0.567,FLUCTUATING,15,2.29,CENTER,1.0,0,"{'yaw': -0.52, 'pitch': 4.26, 'roll': -0.16}",sad,0.3566666666666667,medium,0.4133,0.0,False,MEDIUM,0.354,24.1,29.8,LOW,"{'visual_stress': 17.5, 'audio_stress': 0.0, 'emotion_instability': 11.4, 'eye_avoidance': 0.0, 'head_movement': 1.1}",Stable emotional condition,2026-07-07 17:58:15
surprise,0.58,surprise,surprise,MEDIUM,MEDIUM,LOW,LOW,FOCUSED,0.67,0.406,UNSTABLE,15,2.33,CENTER,1.0,0,"{'yaw': -3.9, 'pitch': 4.15, 'roll': -0.25}",sad,0.3566666666666667,medium,0.4133,0.0,False,MEDIUM,0.354,21.2,29.9,LOW,"{'visual_stress': 17.5, 'audio_stress': 0.0, 'emotion_instability': 11.4, 'eye_avoidance': 0.0, 'head_movement': 1.2}",Stable emotional condition,2026-07-07 17:58:16
sad,0.97,sad,sad,MEDIUM,MEDIUM,MEDIUM,LOW,FOCUSED,0.61,0.763,UNSTABLE,15,2.22,CENTER,1.0,0,"{'yaw': -3.01, 'pitch': 2.98, 'roll': -0.15}",sad,0.3566666666666667,medium,0.4133,0.0,True,MEDIUM,0.354,36.1,29.9,LOW,"{'visual_stress': 17.5, 'audio_stress': 0.0, 'emotion_instability': 11.4, 'eye_avoidance': 0.0, 'head_movement': 1.1}",Stable emotional condition,2026-07-07 17:58:17
sad,0.9,sad,sad,HIGH,HIGH,MEDIUM,LOW,FOCUSED,0.48,0.728,UNSTABLE,16,2.27,CENTER,1.0,0,"{'yaw': -3.4, 'pitch': 5.42, 'roll': -0.15}",sad,0.3566666666666667,medium,0.4133,0.0,True,HIGH,0.708,51.5,36.8,LOW,"{'visual_stress': 35.0, 'audio_stress': 0.0, 'emotion_instability': 10.9, 'eye_avoidance': 0.0, 'head_movement': 1.1}",Stable emotional condition,2026-07-07 17:58:18
fear,0.89,fear,fear,HIGH,HIGH,MEDIUM,MEDIUM,FOCUSED,0.55,0.623,UNSTABLE,16,2.33,CENTER,1.0,0,"{'yaw': -4.9, 'pitch': 4.66, 'roll': -0.23}",sad,0.3566666666666667,medium,0.4133,0.0,False,HIGH,0.708,51.5,40.9,MEDIUM,"{'visual_stress': 35.0, 'audio_stress': 0.0, 'emotion_instability': 10.9, 'eye_avoidance': 0.0, 'head_movement': 1.2}",Negative emotional state,2026-07-07 17:58:18
neutral,0.98,neutral,neutral,HIGH,HIGH,MEDIUM,LOW,FOCUSED,0.7,0.686,UNSTABLE,16,2.32,CENTER,1.0,0,"{'yaw': -2.55, 'pitch': 4.03, 'roll': -0.19}",sad,0.3566666666666667,medium,0.4133,0.0,False,HIGH,0.708,39.5,43.4,MEDIUM,"{'visual_stress': 35.0, 'audio_stress': 0.0, 'emotion_instability': 10.9, 'eye_avoidance': 0.0, 'head_movement': 1.2}",Stable emotional condition,2026-07-07 17:58:19
sad,0.67,sad,sad,HIGH,HIGH,MEDIUM,LOW,FOCUSED,0.41,0.607,UNSTABLE,16,2.36,CENTER,1.0,0,"{'yaw': -3.83, 'pitch': 3.36, 'roll': -0.16}",sad,0.3433333333333333,medium,0.39,0.0,True,HIGH,0.719,51.5,45.1,MEDIUM,"{'visual_stress': 35.0, 'audio_stress': 0.0, 'emotion_instability': 11.4, 'eye_avoidance': 0.0, 'head_movement': 1.2}",Stable emotional condition,2026-07-07 17:58:20
fear,0.97,fear,fear,HIGH,HIGH,MEDIUM,MEDIUM,FOCUSED,0.55,0.679,FLUCTUATING,17,2.32,CENTER,1.0,0,"{'yaw': -2.84, 'pitch': 4.01, 'roll': -0.13}",sad,0.3433333333333333,medium,0.39,0.0,False,HIGH,0.719,51.8,46.3,MEDIUM,"{'visual_stress': 35.0, 'audio_stress': 0.0, 'emotion_instability': 11.9, 'eye_avoidance': 0.0, 'head_movement': 1.2}",Negative emotional state,2026-07-07 17:58:21
neutral,1.0,neutral,neutral,HIGH,HIGH,MEDIUM,LOW,FOCUSED,0.7,0.7,FLUCTUATING,17,2.29,CENTER,1.0,0,"{'yaw': -2.15, 'pitch': 3.58, 'roll': -0.16}",sad,0.3433333333333333,medium,0.39,0.0,False,HIGH,0.719,39.8,47.0,MEDIUM,"{'visual_stress': 35.0, 'audio_stress': 0.0, 'emotion_instability': 11.9, 'eye_avoidance': 0.0, 'head_movement': 1.1}",Stable emotional condition,2026-07-07 17:58:22
fear,0.74,fear,fear,HIGH,HIGH,MEDIUM,MEDIUM,FOCUSED,0.55,0.518,FLUCTUATING,17,2.41,CENTER,1.0,0,"{'yaw': -3.89, 'pitch': 1.69, 'roll': -0.2}",sad,0.3433333333333333,medium,0.39,0.0,False,HIGH,0.719,51.9,47.4,MEDIUM,"{'visual_stress': 35.0, 'audio_stress': 0.0, 'emotion_instability': 11.9, 'eye_avoidance': 0.0, 'head_movement': 1.2}",Negative emotional state,2026-07-07 17:58:22
fear,0.7,fear,fear,HIGH,HIGH,MEDIUM,MEDIUM,FOCUSED,0.55,0.49,FLUCTUATING,17,2.48,CENTER,1.0,0,"{'yaw': -3.64, 'pitch': 1.76, 'roll': -0.18}",sad,0.3433333333333333,medium,0.39,0.0,False,HIGH,0.719,51.9,47.5,MEDIUM,"{'visual_stress': 35.0, 'audio_stress': 0.0, 'emotion_instability': 11.4, 'eye_avoidance': 0.0, 'head_movement': 1.2}",Negative emotional state,2026-07-07 17:58:23
happy,0.94,happy,happy,HIGH,HIGH,MEDIUM,LOW,FOCUSED,0.7,0.658,FLUCTUATING,17,2.56,CENTER,1.0,0,"{'yaw': 1.38, 'pitch': 3.91, 'roll': -0.25}",sad,0.3433333333333333,medium,0.39,0.0,False,HIGH,0.719,36.9,47.6,MEDIUM,"{'visual_stress': 35.0, 'audio_stress': 0.0, 'emotion_instability': 11.4, 'eye_avoidance': 0.0, 'head_movement': 1.3}",Stable emotional condition,2026-07-07 17:58:24
sad,0.98,sad,sad,HIGH,HIGH,MEDIUM,LOW,FOCUSED,0.48,0.762,FLUCTUATING,17,2.52,CENTER,1.0,0,"{'yaw': -1.68, 'pitch': 4.02, 'roll': -0.16}",sad,0.3433333333333333,medium,0.39,0.0,True,HIGH,0.719,51.9,47.6,MEDIUM,"{'visual_stress': 35.0, 'audio_stress': 0.0, 'emotion_instability': 11.4, 'eye_avoidance': 0.0, 'head_movement': 1.3}",Stable emotional condition,2026-07-07 17:58:25
fear,0.88,fear,fear,HIGH,HIGH,MEDIUM,MEDIUM,FOCUSED,0.48,0.616,FLUCTUATING,17,2.5,CENTER,1.0,0,"{'yaw': -2.96, 'pitch': 3.84, 'roll': -0.18}",sad,0.3433333333333333,medium,0.39,0.0,False,HIGH,0.719,51.9,47.6,MEDIUM,"{'visual_stress': 35.0, 'audio_stress': 0.0, 'emotion_instability': 11.4, 'eye_avoidance': 0.0, 'head_movement': 1.2}",Negative emotional state,2026-07-07 17:58:26
fear,0.76,fear,fear,HIGH,HIGH,MEDIUM,MEDIUM,FOCUSED,0.41,0.532,FLUCTUATING,17,2.49,CENTER,1.0,0,"{'yaw': -3.31, 'pitch': 4.06, 'roll': -0.13}",sad,0.3433333333333333,medium,0.39,0.0,False,HIGH,0.719,51.9,47.4,MEDIUM,"{'visual_stress': 35.0, 'audio_stress': 0.0, 'emotion_instability': 10.9, 'eye_avoidance': 0.0, 'head_movement': 1.2}",Negative emotional state,2026-07-07 17:58:26
fear,0.95,fear,fear,HIGH,HIGH,MEDIUM,MEDIUM,FOCUSED,0.49,0.665,FLUCTUATING,17,2.48,CENTER,1.0,0,"{'yaw': -4.08, 'pitch': 4.9, 'roll': -0.22}",sad,0.3433333333333333,medium,0.39,0.0,False,HIGH,0.719,51.9,47.0,MEDIUM,"{'visual_stress': 35.0, 'audio_stress': 0.0, 'emotion_instability': 10.3, 'eye_avoidance': 0.0, 'head_movement': 1.2}",Negative emotional state,2026-07-07 17:58:27
fear,0.86,fear,fear,HIGH,HIGH,MEDIUM,MEDIUM,FOCUSED,0.46,0.602,FLUCTUATING,17,2.41,CENTER,1.0,0,"{'yaw': -1.61, 'pitch': 4.26, 'roll': -0.14}",sad,0.36666666666666664,medium,0.3967,0.0,False,HIGH,0.716,51.9,46.8,MEDIUM,"{'visual_stress': 35.0, 'audio_stress': 0.0, 'emotion_instability': 10.3, 'eye_avoidance': 0.0, 'head_movement': 1.2}",Negative emotional state,2026-07-07 17:58:29
sad,0.76,sad,sad,HIGH,HIGH,MEDIUM,LOW,FOCUSED,0.41,0.663,FLUCTUATING,17,2.4,CENTER,1.0,0,"{'yaw': -2.04, 'pitch': 3.01, 'roll': -0.14}",sad,0.36666666666666664,medium,0.3967,0.0,True,HIGH,0.716,51.9,46.9,MEDIUM,"{'visual_stress': 35.0, 'audio_stress': 0.0, 'emotion_instability': 10.9, 'eye_avoidance': 0.0, 'head_movement': 1.2}",Stable emotional condition,2026-07-07 17:58:29
neutral,0.5,neutral,neutral,HIGH,HIGH,MEDIUM,LOW,FOCUSED,0.63,0.35,FLUCTUATING,17,2.4,CENTER,1.0,0,"{'yaw': -1.77, 'pitch': 3.97, 'roll': -0.13}",sad,0.36666666666666664,medium,0.3967,0.0,False,HIGH,0.716,39.9,47.2,MEDIUM,"{'visual_stress': 35.0, 'audio_stress': 0.0, 'emotion_instability': 11.4, 'eye_avoidance': 0.0, 'head_movement': 1.2}",Stable emotional condition,2026-07-07 17:58:30
neutral,1.0,neutral,neutral,HIGH,HIGH,MEDIUM,LOW,FOCUSED,0.6,0.7,FLUCTUATING,17,2.4,CENTER,1.0,0,"{'yaw': -2.78, 'pitch': 3.04, 'roll': -0.14}",sad,0.36666666666666664,medium,0.3967,0.0,False,HIGH,0.716,39.9,47.2,MEDIUM,"{'visual_stress': 35.0, 'audio_stress': 0.0, 'emotion_instability': 10.9, 'eye_avoidance': 0.0, 'head_movement': 1.2}",Stable emotional condition,2026-07-07 17:58:31
fear,0.44,fear,fear,HIGH,HIGH,MEDIUM,MEDIUM,FOCUSED,0.48,0.308,FLUCTUATING,17,2.43,CENTER,1.0,0,"{'yaw': -0.06, 'pitch': 3.54, 'roll': -0.11}",sad,0.36666666666666664,medium,0.3967,0.0,False,HIGH,0.716,51.9,47.3,MEDIUM,"{'visual_stress': 35.0, 'audio_stress': 0.0, 'emotion_instability': 11.4, 'eye_avoidance': 0.0, 'head_movement': 1.2}",Negative emotional state,2026-07-07 17:58:32
fear,0.57,fear,fear,HIGH,HIGH,MEDIUM,MEDIUM,FOCUSED,0.48,0.399,FLUCTUATING,17,2.47,CENTER,1.0,0,"{'yaw': -4.39, 'pitch': 3.82, 'roll': -0.15}",sad,0.36666666666666664,medium,0.3967,0.0,False,HIGH,0.716,51.9,47.2,MEDIUM,"{'visual_stress': 35.0, 'audio_stress': 0.0, 'emotion_instability': 10.9, 'eye_avoidance': 0.0, 'head_movement': 1.2}",Negative emotional state,2026-07-07 17:58:33
fear,0.51,fear,fear,HIGH,HIGH,MEDIUM,MEDIUM,FOCUSED,0.45,0.357,FLUCTUATING,17,2.61,CENTER,1.0,0,"{'yaw': 1.22, 'pitch': 1.95, 'roll': -0.12}",sad,0.36666666666666664,medium,0.3967,0.0,False,HIGH,0.716,52.0,47.2,MEDIUM,"{'visual_stress': 35.0, 'audio_stress': 0.0, 'emotion_instability': 10.9, 'eye_avoidance': 0.0, 'head_movement': 1.3}",Negative emotional state,2026-07-07 17:58:33
happy,0.45,happy,happy,HIGH,HIGH,MEDIUM,LOW,FOCUSED,0.54,0.315,FLUCTUATING,17,2.38,CENTER,1.0,0,"{'yaw': -2.15, 'pitch': 2.61, 'roll': -0.05}",sad,0.36666666666666664,medium,0.3967,0.0,False,HIGH,0.716,36.9,47.2,MEDIUM,"{'visual_stress': 35.0, 'audio_stress': 0.0, 'emotion_instability': 10.9, 'eye_avoidance': 0.0, 'head_movement': 1.2}",Stable emotional condition,2026-07-07 17:58:34
